"period","entity_type","league_canonical","entity_name","metric","value","short_level","long_level","normalized_index","momentum_percent","trend_per_week","volatility_percent","regime","observations"
2026-06-01,"league","CBLOL","CBLOL","game_length_minutes",33.858333,33.258923,33.148607,100.332793,0.332793,0.14104,6.202327,"balanced",120
2026-06-01,"league","CBLOL","CBLOL","total_kills",22.25,24.787581,26.586093,93.235142,-6.764858,-1.861485,10.513091,"cold_deteriorating",120
2026-06-01,"league","CBLOL","CBLOL","total_kills_per_minute",0.670773,0.758346,0.810637,93.549364,-6.450636,-1.670122,11.691929,"cold_deteriorating",120
2026-06-08,"league","LCK","LCK","game_length_minutes",36.083333,33.462873,32.373572,103.364785,3.364785,0.331116,4.892074,"hot_accelerating",114
2026-06-08,"league","LCK","LCK","total_kills",31.25,29.042007,29.162487,99.586869,-0.413131,-0.630117,11.263708,"cold_deteriorating",114
2026-06-08,"league","LCK","LCK","total_kills_per_minute",0.882446,0.881202,0.910936,96.735865,-3.264135,-0.81861,7.432028,"cold_deteriorating",114
2026-06-08,"league","LCS","LCS","game_length_minutes",33.3,33.347936,33.1269,100.667242,0.667242,0.210578,3.450273,"hot_accelerating",110
2026-06-08,"league","LCS","LCS","total_kills",21.5,23.192854,24.529225,94.551925,-5.448075,-2.008854,14.30331,"cold_deteriorating",110
2026-06-08,"league","LCS","LCS","total_kills_per_minute",0.658443,0.703535,0.747696,94.09372,-5.90628,-2.32519,13.012665,"cold_deteriorating",110
2026-07-20,"league","LEC","LEC","game_length_minutes",33.964583,33.392376,33.545626,99.543159,-0.456841,-0.226949,6.450368,"balanced",113
2026-07-20,"league","LEC","LEC","total_kills",32,29.308569,28.324923,103.472724,3.472724,0.473988,17.054544,"hot_accelerating",113
2026-07-20,"league","LEC","LEC","total_kills_per_minute",0.961416,0.886874,0.850915,104.225917,4.225917,0.674366,11.448536,"hot_accelerating",113
2026-07-20,"league","LES","LES","game_length_minutes",31.293056,31.851477,31.229401,101.991956,1.991956,0.79219,9.687218,"hot_accelerating",111
2026-07-20,"league","LES","LES","total_kills",36.166667,33.751404,32.058196,105.281668,5.281668,0.799352,6.972784,"hot_accelerating",111
2026-07-20,"league","LES","LES","total_kills_per_minute",1.172169,1.0737,1.038896,103.350008,3.350008,-0.012977,9.483002,"hot_cooling",111
2026-07-20,"league","LFL","LFL","game_length_minutes",31.75,32.670291,32.623122,100.144587,0.144587,0.420896,13.551923,"hot_accelerating",112
2026-07-20,"league","LFL","LFL","total_kills",33.666667,34.110215,32.596761,104.642956,4.642956,0.692041,18.024831,"hot_accelerating",112
2026-07-20,"league","LFL","LFL","total_kills_per_minute",1.059979,1.050591,1.007956,104.229862,4.229862,0.249838,11.196106,"hot_accelerating",112
2026-06-08,"league","LPL","LPL","game_length_minutes",32.659091,32.669991,32.600605,100.212835,0.212835,0.223693,2.260291,"balanced",124
2026-06-08,"league","LPL","LPL","total_kills",31.636364,29.557355,28.730448,102.878155,2.878155,0.700698,14.032326,"hot_accelerating",124
2026-06-08,"league","LPL","LPL","total_kills_per_minute",0.987305,0.914386,0.889659,102.779336,2.779336,0.360215,13.534535,"hot_accelerating",124
2025-10-06,"team","CBLOL","Alpha7 Esports","aggression_ahead_league",101.063803,101.519637,101.706646,99.816129,-0.183871,,0,"insufficient",2
2025-10-06,"team","CBLOL","Alpha7 Esports","aggression_behind_league",106.887381,104.662073,103.749126,100.879956,0.879956,,0,"insufficient",2
2025-10-06,"team","CBLOL","Alpha7 Esports","combined_kills_per_minute",1.31873,1.142271,1.069877,106.766519,6.766519,,0,"insufficient",2
2025-10-06,"team","CBLOL","Alpha7 Esports","deaths_per_minute",0.965751,0.72598,0.627613,115.67325,15.67325,,0,"insufficient",2
2025-10-06,"team","CBLOL","Alpha7 Esports","game_length_minutes",28.227778,30.261944,31.096474,97.31632,-2.68368,,0,"insufficient",2
2025-10-06,"team","CBLOL","Alpha7 Esports","kills_per_minute",0.352979,0.41629,0.442264,94.127055,-5.872945,,0,"insufficient",2
2025-10-06,"team","CBLOL","Alpha7 Esports","rating_attack_global",100.099284,100.173492,100.203937,99.969618,-0.030382,,0,"insufficient",2
2025-10-06,"team","CBLOL","Alpha7 Esports","rating_attack_league",100.559039,101.676571,102.135046,99.551109,-0.448891,,0,"insufficient",2
2025-10-06,"team","CBLOL","Alpha7 Esports","rating_defense_global",91.955174,95.324519,96.706814,98.570633,-1.429367,,0,"insufficient",2
2025-10-06,"team","CBLOL","Alpha7 Esports","rating_defense_league",89.934663,92.912779,94.13457,98.70208,-1.29792,,0,"insufficient",2
2025-10-06,"team","CBLOL","Alpha7 Esports","snowball_index_league",101.13143,101.423164,101.54285,99.882133,-0.117867,,0,"insufficient",2
2025-09-29,"team","CBLOL","Farenvehn","aggression_ahead_league",101.776911,101.776911,101.776911,100,0,,,"insufficient",1
2025-09-29,"team","CBLOL","Farenvehn","aggression_behind_league",101.351965,101.351965,101.351965,100,0,,,"insufficient",1
2025-09-29,"team","CBLOL","Farenvehn","combined_kills_per_minute",1.030023,1.030023,1.030023,100,0,,,"insufficient",1
2025-09-29,"team","CBLOL","Farenvehn","deaths_per_minute",0.602934,0.602934,0.602934,100,0,,,"insufficient",1
2025-09-29,"team","CBLOL","Farenvehn","game_length_minutes",33.511111,33.511111,33.511111,100,0,,,"insufficient",1
2025-09-29,"team","CBLOL","Farenvehn","kills_per_minute",0.427089,0.427089,0.427089,100,0,,,"insufficient",1
2025-09-29,"team","CBLOL","Farenvehn","rating_attack_global",99.067535,99.067535,99.067535,100,0,,,"insufficient",1
2025-09-29,"team","CBLOL","Farenvehn","rating_attack_league",101.584919,101.584919,101.584919,100,0,,,"insufficient",1
2025-09-29,"team","CBLOL","Farenvehn","rating_defense_global",99.584405,99.584405,99.584405,100,0,,,"insufficient",1
2025-09-29,"team","CBLOL","Farenvehn","rating_defense_league",96.677017,96.677017,96.677017,100,0,,,"insufficient",1
2025-09-29,"team","CBLOL","Farenvehn","snowball_index_league",100.544754,100.544754,100.544754,100,0,,,"insufficient",1
2025-09-29,"team","CBLOL","Flamengo MDL","aggression_ahead_league",104.327496,99.857162,98.52647,101.350594,1.350594,0.01559,2.930527,"hot_accelerating",18
2025-09-29,"team","CBLOL","Flamengo MDL","aggression_behind_league",103.133277,98.684331,96.489126,102.27508,2.27508,0.025036,2.651231,"hot_accelerating",18
2025-09-29,"team","CBLOL","Flamengo MDL","combined_kills_per_minute",1.020059,0.927152,0.825792,112.274282,12.274282,0.148178,24.117557,"hot_accelerating",18
2025-09-29,"team","CBLOL","Flamengo MDL","deaths_per_minute",0.434695,0.426854,0.442862,96.385418,-3.614582,0.01445,94.094527,"cold_recovering",18
2025-09-29,"team","CBLOL","Flamengo MDL","game_length_minutes",31.758333,32.568822,33.35665,97.638168,-2.361832,-0.020178,15.475817,"cold_deteriorating",18
2025-09-29,"team","CBLOL","Flamengo MDL","kills_per_minute",0.585365,0.500298,0.38293,130.649891,30.649891,0.302835,82.743033,"hot_accelerating",18
2025-09-29,"team","CBLOL","Flamengo MDL","rating_attack_global",109.013082,100.27196,99.015196,101.269265,1.269265,0.016995,5.920809,"hot_accelerating",18
2025-09-29,"team","CBLOL","Flamengo MDL","rating_attack_league",113.84403,97.994617,92.665207,105.751253,5.751253,0.058672,9.898536,"hot_accelerating",18
2025-09-29,"team","CBLOL","Flamengo MDL","rating_defense_global",104.479594,97.73675,94.967939,102.915522,2.915522,0.023679,5.238889,"hot_accelerating",18
2025-09-29,"team","CBLOL","Flamengo MDL","rating_defense_league",102.279602,99.858384,99.893549,99.964797,-0.035203,-0.006091,3.256392,"balanced",18
2025-09-29,"team","CBLOL","Flamengo MDL","snowball_index_league",101.032698,99.405269,98.973593,100.436153,0.436153,-5.5e-05,1.797858,"balanced",18
2024-08-05,"team","CBLOL","Fluxo","aggression_ahead_league",92.518026,94.519019,96.69106,97.753628,-2.246372,-0.499169,1.839127,"cold_deteriorating",39
2024-08-05,"team","CBLOL","Fluxo","aggression_behind_league",98.314573,96.288278,96.446359,99.836095,-0.163905,-0.355635,1.894568,"cold_deteriorating",39
2024-08-05,"team","CBLOL","Fluxo","combined_kills_per_minute",0.768097,0.779956,0.765392,101.902868,1.902868,-0.267068,38.213317,"hot_cooling",39
2024-08-05,"team","CBLOL","Fluxo","deaths_per_minute",0.452437,0.472256,0.426796,110.651356,10.651356,3.500391,44.366601,"hot_accelerating",39
2024-08-05,"team","CBLOL","Fluxo","game_length_minutes",35.85,33.20372,33.130701,100.220397,0.220397,-0.061149,22.02413,"balanced",39
2024-08-05,"team","CBLOL","Fluxo","kills_per_minute",0.31566,0.3077,0.338595,90.875469,-9.124531,-5.01592,82.705229,"cold_deteriorating",39
2024-08-05,"team","CBLOL","Fluxo","rating_attack_global",88.80756,91.875193,94.481984,97.240965,-2.759035,-0.533938,2.486613,"cold_deteriorating",39
2024-08-05,"team","CBLOL","Fluxo","rating_attack_league",84.828085,88.738433,92.726439,95.699171,-4.300829,-1.279917,3.971053,"cold_deteriorating",39
2024-08-05,"team","CBLOL","Fluxo","rating_defense_global",95.904913,99.890676,101.537237,98.378367,-1.621633,-0.600469,3.18513,"cold_deteriorating",39
2024-08-05,"team","CBLOL","Fluxo","rating_defense_league",97.150835,101.666855,102.631316,99.060267,-0.939733,-0.076011,3.086478,"cold_deteriorating",39
2024-08-05,"team","CBLOL","Fluxo","snowball_index_league",99.019688,98.939918,99.439807,99.497294,-0.502706,-0.45083,3.350549,"cold_deteriorating",39
2026-05-25,"team","CBLOL","Fluxo W7M","aggression_ahead_league",96.73267,97.873575,98.641419,99.221581,-0.778419,-0.172586,0.560939,"cold_deteriorating",26
2026-05-25,"team","CBLOL","Fluxo W7M","aggression_behind_league",103.646237,102.664857,101.340905,101.306434,1.306434,0.08082,1.402086,"hot_accelerating",26
2026-05-25,"team","CBLOL","Fluxo W7M","combined_kills_per_minute",0.802663,0.824423,0.848882,97.118701,-2.881299,0.505496,14.931761,"cold_recovering",26
2026-05-25,"team","CBLOL","Fluxo W7M","deaths_per_minute",0.435827,0.449611,0.472121,95.232166,-4.767834,-1.653081,44.371195,"cold_deteriorating",26
2026-05-25,"team","CBLOL","Fluxo W7M","game_length_minutes",31.24,32.190384,32.308235,99.635228,-0.364772,-0.731197,11.654295,"cold_deteriorating",26
2026-05-25,"team","CBLOL","Fluxo W7M","kills_per_minute",0.366836,0.374812,0.376761,99.482727,-0.517273,3.210419,64.050176,"cold_recovering",26
2026-05-25,"team","CBLOL","Fluxo W7M","rating_attack_global",91.815289,93.120607,92.739969,100.410436,0.410436,0.048142,3.093634,"balanced",26
2026-05-25,"team","CBLOL","Fluxo W7M","rating_attack_league",96.461633,97.17382,95.124357,102.154508,2.154508,0.614324,3.848298,"hot_accelerating",26
2026-05-25,"team","CBLOL","Fluxo W7M","rating_defense_global",101.923558,101.583391,99.539158,102.053697,2.053697,0.956727,2.564083,"hot_accelerating",26
2026-05-25,"team","CBLOL","Fluxo W7M","rating_defense_league",95.514578,96.141217,95.139409,101.05299,1.05299,0.673138,2.881406,"hot_accelerating",26
2026-05-25,"team","CBLOL","Fluxo W7M","snowball_index_league",99.183329,101.84768,101.541048,100.301978,0.301978,0.264809,2.315234,"hot_accelerating",26
2026-06-01,"team","CBLOL","FURIA","aggression_ahead_league",96.811559,97.340479,98.411233,98.911959,-1.088041,-0.383992,0.573028,"cold_deteriorating",97
2026-06-01,"team","CBLOL","FURIA","aggression_behind_league",96.611933,96.596126,96.538133,100.060073,0.060073,0.209763,0.857628,"balanced",97
2026-06-01,"team","CBLOL","FURIA","combined_kills_per_minute",0.670773,0.713568,0.763197,93.4973,-6.5027,-1.007351,9.764073,"cold_deteriorating",97
2026-06-01,"team","CBLOL","FURIA","deaths_per_minute",0.235201,0.243404,0.283649,85.811945,-14.188055,-1.604167,49.627033,"cold_deteriorating",97
2026-06-01,"team","CBLOL","FURIA","game_length_minutes",33.858333,34.630973,34.169461,101.350655,1.350655,1.037368,11.754289,"hot_accelerating",97
2026-06-01,"team","CBLOL","FURIA","kills_per_minute",0.435572,0.470164,0.479548,98.043122,-1.956878,-0.65434,31.622613,"cold_deteriorating",97
2026-06-01,"team","CBLOL","FURIA","rating_attack_global",101.293092,101.279846,101.798374,99.490633,-0.509367,-0.110296,1.836202,"cold_deteriorating",97
2026-06-01,"team","CBLOL","FURIA","rating_attack_league",109.330836,108.368164,107.580607,100.732062,0.732062,0.151251,1.929956,"hot_accelerating",97
2026-06-01,"team","CBLOL","FURIA","rating_defense_global",123.874973,120.938381,117.002963,103.36352,3.36352,0.702178,1.553414,"hot_accelerating",97
2026-06-01,"team","CBLOL","FURIA","rating_defense_league",120.980349,118.745213,115.998849,102.367578,2.367578,0.449066,2.516964,"hot_accelerating",97
2026-06-01,"team","CBLOL","FURIA","snowball_index_league",103.223757,103.055473,102.561169,100.481961,0.481961,0.378403,0.925878,"hot_accelerating",97
2024-07-22,"team","CBLOL","INTZ","aggression_ahead_league",102.257172,102.244094,101.394664,100.837746,0.837746,0.287652,1.458276,"hot_accelerating",56
2024-07-22,"team","CBLOL","INTZ","aggression_behind_league",100.482285,101.027157,101.110178,99.91789,-0.08211,0.123729,1.990248,"balanced",56
2024-07-22,"team","CBLOL","INTZ","combined_kills_per_minute",1.104116,0.949128,0.903284,105.075249,5.075249,1.055364,53.834755,"hot_accelerating",56
2024-07-22,"team","CBLOL","INTZ","deaths_per_minute",0.882287,0.625601,0.544742,114.843374,14.843374,3.034004,55.058497,"hot_accelerating",56
2024-07-22,"team","CBLOL","INTZ","game_length_minutes",25.758333,29.725061,31.383386,94.715915,-5.284085,-1.267244,15.892957,"cold_deteriorating",56
2024-07-22,"team","CBLOL","INTZ","kills_per_minute",0.221828,0.323527,0.358542,90.234261,-9.765739,-1.95084,102.348268,"cold_deteriorating",56
2024-07-22,"team","CBLOL","INTZ","rating_attack_global",97.3061,96.84384,95.734396,101.158878,1.158878,0.733443,2.94447,"hot_accelerating",56
2024-07-22,"team","CBLOL","INTZ","rating_attack_league",94.350221,95.11468,94.591073,100.553548,0.553548,0.589506,3.525756,"hot_accelerating",56
2024-07-22,"team","CBLOL","INTZ","rating_defense_global",90.729422,91.806948,92.976424,98.74218,-1.25782,-0.294187,3.931525,"cold_deteriorating",56
2024-07-22,"team","CBLOL","INTZ","rating_defense_league",91.239427,91.1895,91.653261,99.494005,-0.505995,-0.016425,3.120236,"cold_deteriorating",56
2024-07-22,"team","CBLOL","INTZ","snowball_index_league",98.915995,99.169544,98.959734,100.212016,0.212016,0.16392,1.675369,"balanced",56
2025-10-06,"team","CBLOL","Isurus","aggression_ahead_league",104.954145,103.149845,101.829456,101.296667,1.296667,0.146676,2.575068,"hot_accelerating",6
2025-10-06,"team","CBLOL","Isurus","aggression_behind_league",96.434057,97.004471,98.435726,98.546001,-1.453999,-0.265701,1.332214,"cold_deteriorating",6
2025-10-06,"team","CBLOL","Isurus","combined_kills_per_minute",1.31873,1.056548,0.978998,107.921419,7.921419,0.460317,34.10788,"hot_accelerating",6
2025-10-06,"team","CBLOL","Isurus","deaths_per_minute",0.352979,0.393939,0.479822,82.101212,-17.898788,-2.922061,34.161835,"cold_deteriorating",6
2025-10-06,"team","CBLOL","Isurus","game_length_minutes",28.227778,30.052955,30.233001,99.404471,-0.595529,0.309024,17.736159,"cold_recovering",6
2025-10-06,"team","CBLOL","Isurus","kills_per_minute",0.965751,0.662609,0.499176,132.740516,32.740516,3.711552,61.697831,"hot_accelerating",6
2025-10-06,"team","CBLOL","Isurus","rating_attack_global",105.640153,98.968671,96.505023,102.55287,2.55287,0.187711,5.509755,"hot_accelerating",6
2025-10-06,"team","CBLOL","Isurus","rating_attack_league",107.373334,101.316169,100.107497,101.207374,1.207374,-0.034088,6.106783,"hot_cooling",6
2025-10-06,"team","CBLOL","Isurus","rating_defense_global",104.922897,103.253934,103.617348,99.649273,-0.350727,-0.092385,3.619238,"balanced",6
2025-10-06,"team","CBLOL","Isurus","rating_defense_league",105.336594,101.227372,99.801026,101.42919,1.42919,0.149496,4.317991,"hot_accelerating",6
2025-10-06,"team","CBLOL","Isurus","snowball_index_league",103.42103,101.397691,100.677039,100.715806,0.715806,0.034148,2.70734,"hot_accelerating",6
2025-06-09,"team","CBLOL","Isurus Estral","aggression_ahead_league",102.890258,102.027945,101.280764,100.737732,0.737732,0.207656,1.318262,"hot_accelerating",12
2025-06-09,"team","CBLOL","Isurus Estral","aggression_behind_league",103.62942,104.783909,103.625411,101.117968,1.117968,0.747015,2.40764,"hot_accelerating",12
2025-06-09,"team","CBLOL","Isurus Estral","combined_kills_per_minute",0.973157,0.916735,0.874797,104.793984,4.793984,-0.632247,28.167325,"hot_cooling",12
2025-06-09,"team","CBLOL","Isurus Estral","deaths_per_minute",0.663835,0.467955,0.439135,106.562937,6.562937,-4.683022,71.050018,"hot_cooling",12
2025-06-09,"team","CBLOL","Isurus Estral","game_length_minutes",29.779167,31.915199,32.006547,99.714594,-0.285406,0.275788,10.521451,"cold_recovering",12
2025-06-09,"team","CBLOL","Isurus Estral","kills_per_minute",0.309322,0.448779,0.435662,103.010928,3.010928,3.450822,36.151711,"hot_accelerating",12
2025-06-09,"team","CBLOL","Isurus Estral","rating_attack_global",100.267653,96.749059,95.56915,101.234613,1.234613,0.773703,2.0221,"hot_accelerating",12
2025-06-09,"team","CBLOL","Isurus Estral","rating_attack_league",107.907063,103.623735,100.194824,103.422244,3.422244,1.099931,1.851546,"hot_accelerating",12
2025-06-09,"team","CBLOL","Isurus Estral","rating_defense_global",104.989333,101.947797,100.120261,101.825341,1.825341,-0.181937,3.588272,"hot_cooling",12
2025-06-09,"team","CBLOL","Isurus Estral","rating_defense_league",99.142604,94.86693,94.172089,100.737842,0.737842,-0.241024,4.563131,"hot_cooling",12
2025-06-09,"team","CBLOL","Isurus Estral","snowball_index_league",101.520593,101.202033,100.811653,100.387237,0.387237,0.137445,2.646931,"balanced",12
2024-07-29,"team","CBLOL","KaBuM! Esports","aggression_ahead_league",98.268009,98.916602,99.722562,99.191797,-0.808203,-0.221226,0.877389,"cold_deteriorating",61
2024-07-29,"team","CBLOL","KaBuM! Esports","aggression_behind_league",93.643887,93.351721,93.471048,99.872338,-0.127662,0.148231,1.528269,"balanced",61
2024-07-29,"team","CBLOL","KaBuM! Esports","combined_kills_per_minute",0.592516,0.714263,0.743998,96.003404,-3.996596,2.234806,40.241918,"cold_recovering",61
2024-07-29,"team","CBLOL","KaBuM! Esports","deaths_per_minute",0.561331,0.476507,0.420139,113.416502,13.416502,0.985795,47.280905,"hot_accelerating",61
2024-07-29,"team","CBLOL","KaBuM! Esports","game_length_minutes",32.066667,32.412667,32.730998,99.027433,-0.972567,0.392077,7.428463,"cold_recovering",61
2024-07-29,"team","CBLOL","KaBuM! Esports","kills_per_minute",0.031185,0.237756,0.323859,73.413565,-26.586435,3.855135,106.655104,"cold_recovering",61
2024-07-29,"team","CBLOL","KaBuM! Esports","rating_attack_global",98.233471,97.85235,96.477677,101.424861,1.424861,0.735657,4.072004,"hot_accelerating",61
2024-07-29,"team","CBLOL","KaBuM! Esports","rating_attack_league",95.291651,95.68773,95.243351,100.466572,0.466572,0.368534,3.4067,"hot_accelerating",61
2024-07-29,"team","CBLOL","KaBuM! Esports","rating_defense_global",103.609905,104.578189,104.32259,100.245008,0.245008,-0.097665,1.495915,"balanced",61
2024-07-29,"team","CBLOL","KaBuM! Esports","rating_defense_league",107.059039,107.288805,105.718014,101.485831,1.485831,0.385867,1.454148,"hot_accelerating",61
2024-07-29,"team","CBLOL","KaBuM! Esports","snowball_index_league",99.857401,99.830994,99.577741,100.254326,0.254326,0.038849,0.015143,"balanced",61
2026-04-27,"team","CBLOL","Leviatan","aggression_ahead_league",98.900714,98.674259,98.78222,99.890709,-0.109291,0.028437,0.953857,"balanced",25
2026-04-27,"team","CBLOL","Leviatan","aggression_behind_league",104.637046,103.440441,100.947816,102.469222,2.469222,0.525475,1.159307,"hot_accelerating",25
2026-04-27,"team","CBLOL","Leviatan","combined_kills_per_minute",0.690572,0.850766,0.870538,97.728669,-2.271331,0.240376,16.659925,"cold_recovering",25
2026-04-27,"team","CBLOL","Leviatan","deaths_per_minute",0.554972,0.599604,0.559425,107.182188,7.182188,2.175259,26.936543,"hot_accelerating",25
2026-04-27,"team","CBLOL","Leviatan","game_length_minutes",29.066667,31.893348,32.738496,97.418489,-2.581511,-0.457639,13.545654,"cold_deteriorating",25
2026-04-27,"team","CBLOL","Leviatan","kills_per_minute",0.1356,0.251161,0.311113,80.729911,-19.270089,-3.238817,34.965615,"cold_deteriorating",25
2026-04-27,"team","CBLOL","Leviatan","rating_attack_global",88.955643,89.851143,91.378038,98.329034,-1.670966,-0.487417,1.226483,"cold_deteriorating",25
2026-04-27,"team","CBLOL","Leviatan","rating_attack_league",90.441343,91.402395,92.324912,99.000792,-0.999208,-0.034642,2.05276,"cold_deteriorating",25
2026-04-27,"team","CBLOL","Leviatan","rating_defense_global",92.689654,94.696464,97.171788,97.45263,-2.54737,-0.207801,2.719969,"cold_deteriorating",25
2026-04-27,"team","CBLOL","Leviatan","rating_defense_league",86.717044,89.27878,93.187385,95.80565,-4.19435,-0.81921,2.715576,"cold_deteriorating",25
2026-04-27,"team","CBLOL","Leviatan","snowball_index_league",97.884001,97.741708,97.711727,100.030684,0.030684,0.17167,1.61016,"balanced",25
2024-07-22,"team","CBLOL","Liberty","aggression_ahead_league",98.517208,98.698043,98.770514,99.926627,-0.073373,0.071619,0.825465,"balanced",55
2024-07-22,"team","CBLOL","Liberty","aggression_behind_league",109.006748,107.634459,105.041882,102.468136,2.468136,0.811167,1.71739,"hot_accelerating",55
2024-07-22,"team","CBLOL","Liberty","combined_kills_per_minute",1.145844,1.035299,0.948507,109.150354,9.150354,3.521468,18.452532,"hot_accelerating",55
2024-07-22,"team","CBLOL","Liberty","deaths_per_minute",0.772767,0.730541,0.636964,114.691168,14.691168,4.812092,25.770975,"hot_accelerating",55
2024-07-22,"team","CBLOL","Liberty","game_length_minutes",30.675,29.314992,30.222094,96.998548,-3.001452,-1.611831,9.371121,"cold_deteriorating",55
2024-07-22,"team","CBLOL","Liberty","kills_per_minute",0.373077,0.304758,0.311543,97.821925,-2.178075,0.882733,72.03299,"cold_recovering",55
2024-07-22,"team","CBLOL","Liberty","rating_attack_global",90.293118,91.557519,92.649927,98.82093,-1.17907,-0.298657,2.893755,"cold_deteriorating",55
2024-07-22,"team","CBLOL","Liberty","rating_attack_league",86.791115,89.201982,91.040709,97.980324,-2.019676,-0.622602,2.326512,"cold_deteriorating",55
2024-07-22,"team","CBLOL","Liberty","rating_defense_global",81.159532,84.705837,89.114583,95.052722,-4.947278,-1.76184,2.799896,"cold_deteriorating",55
2024-07-22,"team","CBLOL","Liberty","rating_defense_league",79.215989,82.467068,87.002031,94.787521,-5.212479,-1.850656,2.504138,"cold_deteriorating",55
2024-07-22,"team","CBLOL","Liberty","snowball_index_league",94.64695,95.336996,96.599428,98.693127,-1.306873,-0.442068,1.580725,"cold_deteriorating",55
2026-06-01,"team","CBLOL","LØS","aggression_ahead_league",104.59398,103.303353,100.499059,102.790368,2.790368,0.881962,1.026981,"hot_accelerating",56
2026-06-01,"team","CBLOL","LØS","aggression_behind_league",96.670114,97.401623,98.055498,99.333158,-0.666842,-0.084281,1.13216,"cold_deteriorating",56
2026-06-01,"team","CBLOL","LØS","combined_kills_per_minute",0.670773,0.802619,0.842634,95.251164,-4.748836,0.126755,12.454214,"cold_recovering",56
2026-06-01,"team","CBLOL","LØS","deaths_per_minute",0.435572,0.390765,0.404367,96.636396,-3.363604,-2.847525,54.024254,"cold_deteriorating",56
2026-06-01,"team","CBLOL","LØS","game_length_minutes",33.858333,32.62631,32.468234,100.486864,0.486864,-0.274926,8.687979,"hot_cooling",56
2026-06-01,"team","CBLOL","LØS","kills_per_minute",0.235201,0.411853,0.438267,93.973082,-6.026918,2.870972,57.637003,"cold_recovering",56
2026-06-01,"team","CBLOL","LØS","rating_attack_global",102.337819,99.910749,98.771352,101.15357,1.15357,0.05003,2.922758,"hot_accelerating",56
2026-06-01,"team","CBLOL","LØS","rating_attack_league",111.547663,107.279432,103.34877,103.803298,3.803298,0.625834,2.993425,"hot_accelerating",56
2026-06-01,"team","CBLOL","LØS","rating_defense_global",113.625017,110.440875,108.286313,101.98969,1.98969,-0.101694,2.491343,"hot_cooling",56
2026-06-01,"team","CBLOL","LØS","rating_defense_league",109.439934,106.00034,105.464174,100.508387,0.508387,-0.62266,3.446719,"hot_cooling",56
2026-06-01,"team","CBLOL","LØS","snowball_index_league",103.347968,102.190698,101.300557,100.878713,0.878713,-0.067421,1.993921,"hot_cooling",56
2026-05-25,"team","CBLOL","LOUD","aggression_ahead_league",92.510988,93.886199,96.146731,97.648873,-2.351127,-0.793624,0.97185,"cold_deteriorating",103
2026-05-25,"team","CBLOL","LOUD","aggression_behind_league",101.803835,100.701386,99.889307,100.812979,0.812979,0.282526,0.884812,"hot_accelerating",103
2026-05-25,"team","CBLOL","LOUD","combined_kills_per_minute",0.851829,0.802074,0.813599,98.58336,-1.41664,-1.007911,6.142005,"cold_deteriorating",103
2026-05-25,"team","CBLOL","LOUD","deaths_per_minute",0.495095,0.439858,0.420272,104.660322,4.660322,1.521154,56.297608,"hot_accelerating",103
2026-05-25,"team","CBLOL","LOUD","game_length_minutes",32.193333,33.066902,33.466987,98.804538,-1.195462,0.299113,14.626235,"cold_recovering",103
2026-05-25,"team","CBLOL","LOUD","kills_per_minute",0.356734,0.362215,0.393327,92.090091,-7.909909,-3.710232,53.730945,"cold_deteriorating",103
2026-05-25,"team","CBLOL","LOUD","rating_attack_global",88.824134,89.465,90.354971,99.015028,-0.984972,-0.051153,2.140447,"cold_deteriorating",103
2026-05-25,"team","CBLOL","LOUD","rating_attack_league",92.801419,93.101092,92.88536,100.232256,0.232256,0.299715,2.423837,"hot_accelerating",103
2026-05-25,"team","CBLOL","LOUD","rating_defense_global",105.281496,104.67608,102.12265,102.500356,2.500356,0.903578,2.182669,"hot_accelerating",103
2026-05-25,"team","CBLOL","LOUD","rating_defense_league",100.019656,100.088782,98.232488,101.889694,1.889694,0.788921,2.994724,"hot_accelerating",103
2026-05-25,"team","CBLOL","LOUD","snowball_index_league",97.68764,99.048586,99.857914,99.18952,-0.81048,-0.245009,1.509955,"cold_deteriorating",103
2022-08-08,"team","CBLOL","Miners","aggression_ahead_league",97.161994,98.055253,99.300004,98.746474,-1.253526,-0.403368,0.644976,"cold_deteriorating",20
2022-08-08,"team","CBLOL","Miners","aggression_behind_league",95.270974,96.776704,98.803538,97.948622,-2.051378,-0.74264,0.65375,"cold_deteriorating",20
2022-08-08,"team","CBLOL","Miners","combined_kills_per_minute",1.037971,0.833206,0.805417,103.450241,3.450241,0.478014,18.135539,"hot_accelerating",20
2022-08-08,"team","CBLOL","Miners","deaths_per_minute",0.917333,0.631155,0.49764,126.829766,26.829766,3.715795,43.604153,"hot_accelerating",20
2022-08-08,"team","CBLOL","Miners","game_length_minutes",25.066667,29.985076,32.638888,91.86917,-8.13083,-1.193439,13.116915,"cold_deteriorating",20
2022-08-08,"team","CBLOL","Miners","kills_per_minute",0.120638,0.202051,0.307778,65.648335,-34.351665,-4.757092,64.634883,"cold_deteriorating",20
2022-08-08,"team","CBLOL","Miners","rating_attack_global",97.81617,99.877978,103.344244,96.645903,-3.354097,-1.323227,1.850545,"cold_deteriorating",20
2022-08-08,"team","CBLOL","Miners","rating_attack_league",89.647004,92.920902,96.307103,96.483955,-3.516045,-1.051933,1.95338,"cold_deteriorating",20
2022-08-08,"team","CBLOL","Miners","rating_defense_global",93.531362,94.382124,93.042638,101.439647,1.439647,0.889642,1.771971,"hot_accelerating",20
2022-08-08,"team","CBLOL","Miners","rating_defense_league",100.273944,100.229126,99.024043,101.216961,1.216961,0.588817,1.883655,"hot_accelerating",20
2022-08-08,"team","CBLOL","Miners","snowball_index_league",96.448542,96.287028,96.01065,100.287862,0.287862,0.428875,0.555617,"hot_accelerating",20
2026-04-27,"team","CBLOL","paiN Gaming","aggression_ahead_league",100.348376,100.414786,100.353956,100.060616,0.060616,0.034211,0.536569,"balanced",103
2026-04-27,"team","CBLOL","paiN Gaming","aggression_behind_league",103.684111,104.079819,103.12232,100.928508,0.928508,0.210534,1.727316,"hot_accelerating",103
2026-04-27,"team","CBLOL","paiN Gaming","combined_kills_per_minute",0.690572,0.830552,0.898955,92.390833,-7.609167,-0.88625,30.046052,"cold_deteriorating",103
2026-04-27,"team","CBLOL","paiN Gaming","deaths_per_minute",0.1356,0.423554,0.517399,81.862264,-18.137736,0.899471,84.357471,"cold_recovering",103
2026-04-27,"team","CBLOL","paiN Gaming","game_length_minutes",29.066667,30.360809,31.314095,96.955727,-3.044273,-0.652054,14.076253,"cold_deteriorating",103
2026-04-27,"team","CBLOL","paiN Gaming","kills_per_minute",0.554972,0.406998,0.381556,106.667806,6.667806,-3.307727,51.172167,"hot_cooling",103
2026-04-27,"team","CBLOL","paiN Gaming","rating_attack_global",86.752768,88.556347,92.943063,95.280212,-4.719788,-0.796588,2.838367,"cold_deteriorating",103
2026-04-27,"team","CBLOL","paiN Gaming","rating_attack_league",87.837408,89.704505,94.681242,94.743692,-5.256308,-0.484141,2.7185,"cold_deteriorating",103
2026-04-27,"team","CBLOL","paiN Gaming","rating_defense_global",90.373105,90.992723,95.429144,95.351083,-4.648917,-0.287122,3.944637,"cold_deteriorating",103
2026-04-27,"team","CBLOL","paiN Gaming","rating_defense_league",84.13797,85.131045,90.96497,93.586625,-6.413375,-0.791863,3.476789,"cold_deteriorating",103
2026-04-27,"team","CBLOL","paiN Gaming","snowball_index_league",94.02797,95.96364,97.445436,98.479358,-1.520642,-0.035529,1.3369,"cold_deteriorating",103
2026-05-25,"team","CBLOL","RED Canids","aggression_ahead_league",104.320991,104.828802,103.982489,100.813899,0.813899,0.297091,1.888994,"hot_accelerating",103
2026-05-25,"team","CBLOL","RED Canids","aggression_behind_league",94.683514,96.058849,97.67697,98.343395,-1.656605,-0.217653,0.865149,"cold_deteriorating",103
2026-05-25,"team","CBLOL","RED Canids","combined_kills_per_minute",0.825258,0.793772,0.84765,93.643848,-6.356152,-1.863889,29.321255,"cold_deteriorating",103
2026-05-25,"team","CBLOL","RED Canids","deaths_per_minute",0.549658,0.456472,0.388662,117.447264,17.447264,5.364774,43.733141,"hot_accelerating",103
2026-05-25,"team","CBLOL","RED Canids","game_length_minutes",31.461111,33.847068,34.053639,99.393398,-0.606602,0.930264,14.067635,"cold_recovering",103
2026-05-25,"team","CBLOL","RED Canids","kills_per_minute",0.2756,0.3373,0.458989,73.487646,-26.512354,-7.984961,55.916335,"cold_deteriorating",103
2026-05-25,"team","CBLOL","RED Canids","rating_attack_global",101.905592,105.546045,106.363898,99.231081,-0.768919,0.224765,3.535109,"cold_recovering",103
2026-05-25,"team","CBLOL","RED Canids","rating_attack_league",110.128715,114.099718,113.778535,100.282288,0.282288,0.587536,3.857558,"hot_accelerating",103
2026-05-25,"team","CBLOL","RED Canids","rating_defense_global",115.407272,115.703303,113.284312,102.135327,2.135327,0.693979,1.990711,"hot_accelerating",103
2026-05-25,"team","CBLOL","RED Canids","rating_defense_league",111.054497,112.654767,111.444799,101.085711,1.085711,0.436985,2.566229,"hot_accelerating",103
2026-05-25,"team","CBLOL","RED Canids","snowball_index_league",101.083701,100.566291,99.365504,101.208455,1.208455,0.47099,1.41671,"hot_accelerating",103
2022-08-01,"team","CBLOL","Rensga eSports","aggression_ahead_league",99.392541,99.501587,100.123317,99.379036,-0.620964,-0.325266,0.53255,"cold_deteriorating",17
2022-08-01,"team","CBLOL","Rensga eSports","aggression_behind_league",102.868686,101.381965,100.696196,100.681028,0.681028,-0.069272,1.241608,"hot_cooling",17
2022-08-01,"team","CBLOL","Rensga eSports","combined_kills_per_minute",1.124751,1.00479,0.909208,110.51263,10.51263,2.824595,18.078684,"hot_accelerating",17
2022-08-01,"team","CBLOL","Rensga eSports","deaths_per_minute",0.946111,0.734311,0.616388,119.131278,19.131278,3.996327,32.567884,"hot_accelerating",17
2022-08-01,"team","CBLOL","Rensga eSports","game_length_minutes",24.7,28.716532,30.794272,93.252838,-6.747162,-1.16948,17.904877,"cold_deteriorating",17
2022-08-01,"team","CBLOL","Rensga eSports","kills_per_minute",0.17864,0.270479,0.29282,92.370358,-7.629642,0.358097,77.946597,"cold_recovering",17
2022-08-01,"team","CBLOL","Rensga eSports","rating_attack_global",93.785657,93.51996,97.579338,95.839921,-4.160079,-2.123735,2.830558,"cold_deteriorating",17
2022-08-01,"team","CBLOL","Rensga eSports","rating_attack_league",85.75322,86.471332,89.997399,96.082034,-3.917966,-1.730477,1.961792,"cold_deteriorating",17
2022-08-01,"team","CBLOL","Rensga eSports","rating_defense_global",81.425947,84.17422,86.113855,97.747593,-2.252407,-0.181491,1.645699,"cold_deteriorating",17
2022-08-01,"team","CBLOL","Rensga eSports","rating_defense_league",84.247237,86.462337,89.620877,96.475665,-3.524335,-0.975171,1.232124,"cold_deteriorating",17
2022-08-01,"team","CBLOL","Rensga eSports","snowball_index_league",92.225074,93.529888,96.219893,97.204315,-2.795685,-1.009382,0.396424,"cold_deteriorating",17
2025-09-29,"team","CBLOL","Sicar Esports","aggression_ahead_league",100,100,100,100,0,,,"insufficient",1
2025-09-29,"team","CBLOL","Sicar Esports","aggression_behind_league",100,100,100,100,0,,,"insufficient",1
2025-09-29,"team","CBLOL","Sicar Esports","combined_kills_per_minute",1.202685,1.202685,1.202685,100,0,,,"insufficient",1
2025-09-29,"team","CBLOL","Sicar Esports","deaths_per_minute",0.963695,0.963695,0.963695,100,0,,,"insufficient",1
2025-09-29,"team","CBLOL","Sicar Esports","game_length_minutes",27.05,27.05,27.05,100,0,,,"insufficient",1
2025-09-29,"team","CBLOL","Sicar Esports","kills_per_minute",0.23899,0.23899,0.23899,100,0,,,"insufficient",1
2025-09-29,"team","CBLOL","Sicar Esports","rating_attack_global",94.050783,94.050783,94.050783,100,0,,,"insufficient",1
2025-09-29,"team","CBLOL","Sicar Esports","rating_attack_league",100,100,100,100,0,,,"insufficient",1
2025-09-29,"team","CBLOL","Sicar Esports","rating_defense_global",106.411878,106.411878,106.411878,100,0,,,"insufficient",1
2025-09-29,"team","CBLOL","Sicar Esports","rating_defense_league",100,100,100,100,0,,,"insufficient",1
2025-09-29,"team","CBLOL","Sicar Esports","snowball_index_league",100,100,100,100,0,,,"insufficient",1
2026-05-18,"team","CBLOL","Vivo Keyd Stars","aggression_ahead_league",104.139115,102.750741,101.72057,101.012746,1.012746,0.434542,1.060766,"hot_accelerating",75
2026-05-18,"team","CBLOL","Vivo Keyd Stars","aggression_behind_league",94.159791,95.553653,96.958058,98.551534,-1.448466,-0.263964,0.846606,"cold_deteriorating",75
2026-05-18,"team","CBLOL","Vivo Keyd Stars","combined_kills_per_minute",0.958304,0.870459,0.854898,101.82021,1.82021,0.318289,22.11622,"hot_accelerating",75
2026-05-18,"team","CBLOL","Vivo Keyd Stars","deaths_per_minute",0.739273,0.562085,0.464574,120.989149,20.989149,3.696631,70.271499,"hot_accelerating",75
2026-05-18,"team","CBLOL","Vivo Keyd Stars","game_length_minutes",32.672222,33.538882,33.246872,100.878308,0.878308,1.067836,11.920728,"hot_accelerating",75
2026-05-18,"team","CBLOL","Vivo Keyd Stars","kills_per_minute",0.219032,0.308375,0.390324,79.004796,-20.995204,-3.702709,102.93038,"cold_deteriorating",75
2026-05-18,"team","CBLOL","Vivo Keyd Stars","rating_attack_global",91.157993,93.889411,96.22264,97.575176,-2.424824,-0.407456,3.672513,"cold_deteriorating",75
2026-05-18,"team","CBLOL","Vivo Keyd Stars","rating_attack_league",95.94125,97.908962,99.500006,98.400961,-1.599039,-0.011098,3.938532,"cold_deteriorating",75
2026-05-18,"team","CBLOL","Vivo Keyd Stars","rating_defense_global",104.926979,104.94342,104.308004,100.609173,0.609173,0.29651,1.936725,"hot_accelerating",75
2026-05-18,"team","CBLOL","Vivo Keyd Stars","rating_defense_league",98.879342,100.592471,101.512077,99.094092,-0.905908,-0.215147,2.556262,"cold_deteriorating",75
2026-05-18,"team","CBLOL","Vivo Keyd Stars","snowball_index_league",100.092206,100.810206,101.437114,99.381974,-0.618026,-0.055491,1.183538,"cold_deteriorating",75
2026-05-25,"team","LCK","BNK FEARX","aggression_ahead_league",104.805055,105.632661,106.002672,99.650942,-0.349058,-0.149428,1.161663,"balanced",55
2026-05-25,"team","LCK","BNK FEARX","aggression_behind_league",104.526675,105.200945,104.858235,100.326832,0.326832,0.32584,1.146607,"hot_accelerating",55
2026-05-25,"team","LCK","BNK FEARX","combined_kills_per_minute",1.00178,0.938875,0.956548,98.152397,-1.847603,-1.931534,16.621995,"cold_deteriorating",55
2026-05-25,"team","LCK","BNK FEARX","deaths_per_minute",0.587275,0.520941,0.517497,100.665418,0.665418,-2.50686,23.580433,"hot_cooling",55
2026-05-25,"team","LCK","BNK FEARX","game_length_minutes",35.51,33.290916,31.984106,104.085811,4.085811,1.517681,13.629496,"hot_accelerating",55
2026-05-25,"team","LCK","BNK FEARX","kills_per_minute",0.414505,0.417934,0.439051,95.190369,-4.809631,-1.253413,36.976726,"cold_deteriorating",55
2026-05-25,"team","LCK","BNK FEARX","rating_attack_global",105.364768,105.94214,106.930634,99.075574,-0.924426,-0.360931,1.38894,"cold_deteriorating",55
2026-05-25,"team","LCK","BNK FEARX","rating_attack_league",99.640164,100.627452,102.30772,98.357634,-1.642366,-0.372373,2.094945,"cold_deteriorating",55
2026-05-25,"team","LCK","BNK FEARX","rating_defense_global",85.061173,84.783545,86.402167,98.126643,-1.873357,-0.427215,1.889962,"cold_deteriorating",55
2026-05-25,"team","LCK","BNK FEARX","rating_defense_league",89.161607,88.394195,89.597758,98.656704,-1.343296,-0.499604,1.691191,"cold_deteriorating",55
2026-05-25,"team","LCK","BNK FEARX","snowball_index_league",95.839295,97.510512,98.39617,99.099907,-0.900093,-0.09004,1.685541,"cold_deteriorating",55
2026-05-25,"team","LCK","DN SOOPers","aggression_ahead_league",97.429474,97.042914,96.744035,100.308937,0.308937,0.015983,0.559298,"balanced",90
2026-05-25,"team","LCK","DN SOOPers","aggression_behind_league",98.769381,99.734006,100.064276,99.669942,-0.330058,-0.20403,1.560869,"balanced",90
2026-05-25,"team","LCK","DN SOOPers","combined_kills_per_minute",0.922972,0.881186,0.883473,99.741159,-0.258841,-1.053169,13.361188,"cold_deteriorating",90
2026-05-25,"team","LCK","DN SOOPers","deaths_per_minute",0.563762,0.600935,0.578452,103.886775,3.886775,2.057995,20.92807,"hot_accelerating",90
2026-05-25,"team","LCK","DN SOOPers","game_length_minutes",31.306667,29.789476,30.283325,98.369238,-1.630762,-0.645318,10.169515,"cold_deteriorating",90
2026-05-25,"team","LCK","DN SOOPers","kills_per_minute",0.35921,0.280251,0.305021,91.879265,-8.120735,-6.953292,36.66625,"cold_deteriorating",90
2026-05-25,"team","LCK","DN SOOPers","rating_attack_global",84.590104,87.569759,91.177927,96.042717,-3.957283,-2.06005,1.444512,"cold_deteriorating",90
2026-05-25,"team","LCK","DN SOOPers","rating_attack_league",78.356835,81.442508,85.521917,95.229983,-4.770017,-2.223042,1.396599,"cold_deteriorating",90
2026-05-25,"team","LCK","DN SOOPers","rating_defense_global",81.499134,83.310837,86.761326,96.023009,-3.976991,-1.398953,1.338914,"cold_deteriorating",90
2026-05-25,"team","LCK","DN SOOPers","rating_defense_league",84.425857,86.375189,89.985394,95.988009,-4.011991,-1.685413,1.592636,"cold_deteriorating",90
2026-05-25,"team","LCK","DN SOOPers","snowball_index_league",91.228223,90.531825,91.698765,98.727421,-1.272579,-0.552771,1.900559,"cold_deteriorating",90
2026-06-01,"team","LCK","Dplus Kia","aggression_ahead_league",93.477961,93.888803,96.873232,96.919242,-3.080758,-1.296057,1.592788,"cold_deteriorating",103
2026-06-01,"team","LCK","Dplus Kia","aggression_behind_league",98.75325,98.924624,98.758105,100.168613,0.168613,0.064691,0.629064,"balanced",103
2026-06-01,"team","LCK","Dplus Kia","combined_kills_per_minute",0.797177,0.817493,0.845749,96.65907,-3.34093,-0.665158,12.494414,"cold_deteriorating",103
2026-06-01,"team","LCK","Dplus Kia","deaths_per_minute",0.298204,0.33148,0.383286,86.483694,-13.516306,-2.947724,27.747203,"cold_deteriorating",103
2026-06-01,"team","LCK","Dplus Kia","game_length_minutes",32.102083,31.334497,31.634115,99.052863,-0.947137,-0.973855,13.837508,"cold_deteriorating",103
2026-06-01,"team","LCK","Dplus Kia","kills_per_minute",0.498972,0.486013,0.462463,105.092352,5.092352,1.226618,33.882489,"hot_accelerating",103
2026-06-01,"team","LCK","Dplus Kia","rating_attack_global",103.730877,103.229401,104.849567,98.454771,-1.545229,-0.472908,2.18333,"cold_deteriorating",103
2026-06-01,"team","LCK","Dplus Kia","rating_attack_league",98.054366,97.480474,99.539002,97.931938,-2.068062,-0.486077,2.132256,"cold_deteriorating",103
2026-06-01,"team","LCK","Dplus Kia","rating_defense_global",101.318844,100.402149,99.485555,100.921334,0.921334,0.906261,2.074082,"hot_accelerating",103
2026-06-01,"team","LCK","Dplus Kia","rating_defense_league",108.515883,107.047238,105.314737,101.645071,1.645071,1.056844,2.011652,"hot_accelerating",103
2026-06-01,"team","LCK","Dplus Kia","snowball_index_league",98.812462,98.335805,99.43387,98.895683,-1.104317,-0.32044,1.663933,"cold_deteriorating",103
2026-06-08,"team","LCK","Gen.G","aggression_ahead_league",99.78389,99.696007,100.261014,99.436463,-0.563537,-0.227693,0.632965,"cold_deteriorating",107
2026-06-08,"team","LCK","Gen.G","aggression_behind_league",97.26284,96.950468,96.622692,100.339234,0.339234,0.145701,1.293236,"balanced",107
2026-06-08,"team","LCK","Gen.G","combined_kills_per_minute",0.884826,0.903326,0.909468,99.324704,-0.675296,0.217251,20.438367,"cold_recovering",107
2026-06-08,"team","LCK","Gen.G","deaths_per_minute",0.406651,0.340757,0.337069,101.094238,1.094238,-2.411212,49.191075,"hot_cooling",107
2026-06-08,"team","LCK","Gen.G","game_length_minutes",37.064583,33.82631,32.399531,104.403704,4.403704,1.173662,9.803704,"hot_accelerating",107
2026-06-08,"team","LCK","Gen.G","kills_per_minute",0.478175,0.562569,0.572399,98.282678,-1.717322,1.765075,30.57897,"cold_recovering",107
2026-06-08,"team","LCK","Gen.G","rating_attack_global",120.648485,119.419475,117.699459,101.461362,1.461362,0.273895,1.645102,"hot_accelerating",107
2026-06-08,"team","LCK","Gen.G","rating_attack_league",117.516974,115.976355,114.61684,101.186138,1.186138,0.294969,1.644891,"hot_accelerating",107
2026-06-08,"team","LCK","Gen.G","rating_defense_global",116.096342,114.704656,113.037369,101.474987,1.474987,0.528039,1.520525,"hot_accelerating",107
2026-06-08,"team","LCK","Gen.G","rating_defense_league",124.707099,123.34678,121.128741,101.831142,1.831142,0.500844,2.048601,"hot_accelerating",107
2026-06-08,"team","LCK","Gen.G","snowball_index_league",109.612345,109.343801,109.041802,100.276957,0.276957,0.019333,0.64819,"balanced",107
2026-06-01,"team","LCK","HANJIN BRION","aggression_ahead_league",95.854179,95.969407,96.788323,99.15391,-0.84609,-0.347244,0.545052,"cold_deteriorating",89
2026-06-01,"team","LCK","HANJIN BRION","aggression_behind_league",96.741515,97.668239,97.196301,100.485552,0.485552,0.516951,2.511692,"hot_accelerating",89
2026-06-01,"team","LCK","HANJIN BRION","combined_kills_per_minute",0.822678,0.809845,0.827427,97.875112,-2.124888,-0.972955,11.16176,"cold_deteriorating",89
2026-06-01,"team","LCK","HANJIN BRION","deaths_per_minute",0.57954,0.509352,0.459954,110.739835,10.739835,-0.134044,40.077267,"hot_cooling",89
2026-06-01,"team","LCK","HANJIN BRION","game_length_minutes",26.844444,30.015661,31.962057,93.910293,-6.089707,-1.609752,9.325128,"cold_deteriorating",89
2026-06-01,"team","LCK","HANJIN BRION","kills_per_minute",0.243138,0.300493,0.367473,81.772787,-18.227213,-2.02299,34.428773,"cold_deteriorating",89
2026-06-01,"team","LCK","HANJIN BRION","rating_attack_global",98.100453,99.634827,98.321019,101.336243,1.336243,0.825097,3.217858,"hot_accelerating",89
2026-06-01,"team","LCK","HANJIN BRION","rating_attack_league",92.150934,93.83233,93.057204,100.832956,0.832956,0.885417,3.525035,"hot_accelerating",89
2026-06-01,"team","LCK","HANJIN BRION","rating_defense_global",95.419197,95.872118,95.907788,99.962808,-0.037192,0.253725,1.648688,"cold_recovering",89
2026-06-01,"team","LCK","HANJIN BRION","rating_defense_league",101.166111,101.659232,100.80487,100.84754,0.84754,0.418266,2.309767,"hot_accelerating",89
2026-06-01,"team","LCK","HANJIN BRION","snowball_index_league",96.137717,95.787556,94.936067,100.896908,0.896908,0.232358,1.904985,"hot_accelerating",89
2026-06-08,"team","LCK","Hanwha Life Esports","aggression_ahead_league",114.800304,113.976128,110.177759,103.447492,3.447492,1.032775,1.966292,"hot_accelerating",100
2026-06-08,"team","LCK","Hanwha Life Esports","aggression_behind_league",106.314262,105.11519,103.575484,101.486554,1.486554,0.55683,1.118314,"hot_accelerating",100
2026-06-08,"team","LCK","Hanwha Life Esports","combined_kills_per_minute",0.877685,0.98605,1.018615,96.803069,-3.196931,0.125839,21.523457,"cold_recovering",100
2026-06-08,"team","LCK","Hanwha Life Esports","deaths_per_minute",0.361725,0.440527,0.453283,97.185921,-2.814079,1.826075,20.473155,"cold_recovering",100
2026-06-08,"team","LCK","Hanwha Life Esports","game_length_minutes",34.120833,32.312532,31.664766,102.0457,2.0457,0.4451,6.671041,"hot_accelerating",100
2026-06-08,"team","LCK","Hanwha Life Esports","kills_per_minute",0.51596,0.545523,0.565332,96.496097,-3.503903,-1.237411,33.861085,"cold_deteriorating",100
2026-06-08,"team","LCK","Hanwha Life Esports","rating_attack_global",130.44733,128.942321,122.774167,105.023984,5.023984,1.627816,2.428259,"hot_accelerating",100
2026-06-08,"team","LCK","Hanwha Life Esports","rating_attack_league",126.834852,125.167426,119.219207,104.989313,4.989313,1.805865,2.531562,"hot_accelerating",100
2026-06-08,"team","LCK","Hanwha Life Esports","rating_defense_global",93.696988,94.09671,95.47629,98.555055,-1.444945,-0.070434,2.404167,"cold_deteriorating",100
2026-06-08,"team","LCK","Hanwha Life Esports","rating_defense_league",98.489908,99.144953,100.077497,99.068178,-0.931822,-0.032306,2.132792,"cold_deteriorating",100
2026-06-08,"team","LCK","Hanwha Life Esports","snowball_index_league",108.578373,108.348698,105.947912,102.266006,2.266006,0.739562,1.389018,"hot_accelerating",100
2026-05-25,"team","LCK","Kiwoom DRX","aggression_ahead_league",101.025933,101.357901,100.345215,101.009202,1.009202,0.363305,1.097395,"hot_accelerating",91
2026-05-25,"team","LCK","Kiwoom DRX","aggression_behind_league",105.067495,105.125136,105.079384,100.04354,0.04354,-0.224639,1.603458,"balanced",91
2026-05-25,"team","LCK","Kiwoom DRX","combined_kills_per_minute",0.797324,0.927227,0.965567,96.029224,-3.970776,1.101699,17.531302,"cold_recovering",91
2026-05-25,"team","LCK","Kiwoom DRX","deaths_per_minute",0.417523,0.484915,0.528314,91.785396,-8.214604,-0.272678,34.463492,"cold_deteriorating",91
2026-05-25,"team","LCK","Kiwoom DRX","game_length_minutes",32.847222,31.469124,31.674381,99.351981,-0.648019,-0.840143,12.460104,"cold_deteriorating",91
2026-05-25,"team","LCK","Kiwoom DRX","kills_per_minute",0.3798,0.442311,0.437253,101.156859,1.156859,2.7623,43.763389,"hot_accelerating",91
2026-05-25,"team","LCK","Kiwoom DRX","rating_attack_global",102.525461,101.268435,100.825453,100.439355,0.439355,-0.584789,1.887057,"hot_cooling",91
2026-05-25,"team","LCK","Kiwoom DRX","rating_attack_league",96.835491,95.81493,95.825915,99.988536,-0.011464,-0.585361,2.068427,"cold_deteriorating",91
2026-05-25,"team","LCK","Kiwoom DRX","rating_defense_global",86.220322,85.518546,86.873598,98.440203,-1.559797,-0.48661,2.120838,"cold_deteriorating",91
2026-05-25,"team","LCK","Kiwoom DRX","rating_defense_league",89.804708,88.552932,89.556344,98.879574,-1.120426,-0.593263,2.30077,"cold_deteriorating",91
2026-05-25,"team","LCK","Kiwoom DRX","snowball_index_league",98.142933,97.044071,96.915522,100.13264,0.13264,-0.35319,1.452363,"hot_cooling",91
2026-06-08,"team","LCK","KT Rolster","aggression_ahead_league",97.367171,97.53958,97.258536,100.288966,0.288966,0.267095,0.759617,"hot_accelerating",101
2026-06-08,"team","LCK","KT Rolster","aggression_behind_league",97.986285,98.480978,98.699389,99.778711,-0.221289,0.054065,1.305638,"balanced",101
2026-06-08,"team","LCK","KT Rolster","combined_kills_per_minute",0.800727,0.831763,0.863409,96.334719,-3.665281,-1.18265,26.403478,"cold_deteriorating",101
2026-06-08,"team","LCK","KT Rolster","deaths_per_minute",0.455871,0.454793,0.448239,101.462007,1.462007,2.308977,33.616525,"hot_accelerating",101
2026-06-08,"team","LCK","KT Rolster","game_length_minutes",40,35.797381,33.820062,105.846585,5.846585,0.142122,7.998237,"hot_accelerating",101
2026-06-08,"team","LCK","KT Rolster","kills_per_minute",0.344855,0.37697,0.41517,90.799026,-9.200974,-4.952396,48.556785,"cold_deteriorating",101
2026-06-08,"team","LCK","KT Rolster","rating_attack_global",101.543909,103.205252,103.670731,99.551003,-0.448997,-0.39935,2.204977,"cold_deteriorating",101
2026-06-08,"team","LCK","KT Rolster","rating_attack_league",96.501236,98.123843,98.97122,99.143815,-0.856185,-0.453314,2.48334,"cold_deteriorating",101
2026-06-08,"team","LCK","KT Rolster","rating_defense_global",96.85109,97.487255,98.979499,98.492371,-1.507629,-0.9597,2.678508,"cold_deteriorating",101
2026-06-08,"team","LCK","KT Rolster","rating_defense_league",102.330321,103.263724,104.469912,98.845421,-1.154579,-1.007844,2.708515,"cold_deteriorating",101
2026-06-08,"team","LCK","KT Rolster","snowball_index_league",102.915847,103.762994,104.236201,99.546025,-0.453975,-0.288178,1.486956,"cold_deteriorating",101
2023-07-31,"team","LCK","Liiv SANDBOX","aggression_ahead_league",106.06291,104.741241,103.548435,101.15193,1.15193,0.271812,0.967627,"hot_accelerating",38
2023-07-31,"team","LCK","Liiv SANDBOX","aggression_behind_league",96.334558,98.759022,99.781571,98.975213,-1.024787,0.122924,1.535973,"cold_recovering",38
2023-07-31,"team","LCK","Liiv SANDBOX","combined_kills_per_minute",0.849718,0.796239,0.767108,103.797529,3.797529,1.34392,9.736819,"hot_accelerating",38
2023-07-31,"team","LCK","Liiv SANDBOX","deaths_per_minute",0.600039,0.465069,0.424917,109.449263,9.449263,-0.153704,36.452584,"hot_cooling",38
2023-07-31,"team","LCK","Liiv SANDBOX","game_length_minutes",31.0125,31.919796,32.048621,99.598032,-0.401968,-0.068712,9.266749,"balanced",38
2023-07-31,"team","LCK","Liiv SANDBOX","kills_per_minute",0.249679,0.33117,0.34219,96.779448,-3.220552,3.203604,44.689818,"cold_recovering",38
2023-07-31,"team","LCK","Liiv SANDBOX","rating_attack_global",85.791044,84.864134,84.733576,100.15408,0.15408,0.158096,2.136075,"balanced",38
2023-07-31,"team","LCK","Liiv SANDBOX","rating_attack_league",96.169505,96.027997,96.755242,99.248367,-0.751633,-0.270824,2.383954,"cold_deteriorating",38
2023-07-31,"team","LCK","Liiv SANDBOX","rating_defense_global",106.725234,106.140958,107.747342,98.50912,-1.49088,-1.040849,2.176077,"cold_deteriorating",38
2023-07-31,"team","LCK","Liiv SANDBOX","rating_defense_league",94.26144,92.557852,93.221078,99.288545,-0.711455,-0.712178,2.1444,"cold_deteriorating",38
2023-07-31,"team","LCK","Liiv SANDBOX","snowball_index_league",98.495238,99.601395,100.175285,99.427114,-0.572886,-0.189371,1.350284,"cold_deteriorating",38
2026-05-25,"team","LCK","Nongshim RedForce","aggression_ahead_league",108.863686,107.343297,106.393661,100.892568,0.892568,0.158779,1.033774,"hot_accelerating",90
2026-05-25,"team","LCK","Nongshim RedForce","aggression_behind_league",110.002568,107.268087,106.142743,101.060217,1.060217,0.086869,1.474451,"hot_accelerating",90
2026-05-25,"team","LCK","Nongshim RedForce","combined_kills_per_minute",0.972888,1.052478,1.038202,101.375003,1.375003,0.614785,17.347249,"hot_accelerating",90
2026-05-25,"team","LCK","Nongshim RedForce","deaths_per_minute",0.544469,0.6132,0.606997,101.022009,1.022009,2.852984,42.118084,"hot_accelerating",90
2026-05-25,"team","LCK","Nongshim RedForce","game_length_minutes",30.153333,30.797746,31.31819,98.338204,-1.661796,-0.200575,8.083078,"cold_deteriorating",90
2026-05-25,"team","LCK","Nongshim RedForce","kills_per_minute",0.428419,0.439277,0.431206,101.871903,1.871903,-2.535869,38.490924,"hot_cooling",90
2026-05-25,"team","LCK","Nongshim RedForce","rating_attack_global",108.566922,106.396334,105.222711,101.115371,1.115371,-0.536589,2.855866,"hot_cooling",90
2026-05-25,"team","LCK","Nongshim RedForce","rating_attack_league",102.774426,100.858199,100.362558,100.493851,0.493851,-0.57694,3.03892,"hot_cooling",90
2026-05-25,"team","LCK","Nongshim RedForce","rating_defense_global",79.713112,81.97471,83.679173,97.963097,-2.036903,-0.544401,2.215083,"cold_deteriorating",90
2026-05-25,"team","LCK","Nongshim RedForce","rating_defense_league",82.306197,84.622812,85.953994,98.451286,-1.548714,-0.658793,2.61618,"cold_deteriorating",90
2026-05-25,"team","LCK","Nongshim RedForce","snowball_index_league",95.543501,96.839308,98.17598,98.638494,-1.361506,-0.372491,1.664453,"cold_deteriorating",90
2026-06-08,"team","LCK","T1","aggression_ahead_league",109.379581,108.159704,106.527743,101.531959,1.531959,0.694393,1.856142,"hot_accelerating",106
2026-06-08,"team","LCK","T1","aggression_behind_league",101.039906,101.632912,101.931373,99.707195,-0.292805,-0.036817,1.0229,"balanced",106
2026-06-08,"team","LCK","T1","combined_kills_per_minute",0.916033,0.990362,0.987358,100.3042,0.3042,1.548641,17.803355,"hot_accelerating",106
2026-06-08,"team","LCK","T1","deaths_per_minute",0.508751,0.456376,0.440562,103.589383,3.589383,0.1893,30.113131,"hot_accelerating",106
2026-06-08,"team","LCK","T1","game_length_minutes",34.777778,33.019304,32.492194,101.622267,1.622267,-0.339823,15.483217,"hot_cooling",106
2026-06-08,"team","LCK","T1","kills_per_minute",0.407283,0.533986,0.546796,97.657277,-2.342723,2.643883,25.000286,"cold_recovering",106
2026-06-08,"team","LCK","T1","rating_attack_global",123.106234,122.722651,119.836532,102.40838,2.40838,1.119172,2.636336,"hot_accelerating",106
2026-06-08,"team","LCK","T1","rating_attack_league",119.165761,118.458312,115.948033,102.165004,2.165004,1.215947,2.67755,"hot_accelerating",106
2026-06-08,"team","LCK","T1","rating_defense_global",99.153435,99.032297,98.894168,100.139674,0.139674,0.345186,1.495289,"hot_accelerating",106
2026-06-08,"team","LCK","T1","rating_defense_league",104.707456,104.760224,104.166632,100.569848,0.569848,0.390533,1.732757,"hot_accelerating",106
2026-06-08,"team","LCK","T1","snowball_index_league",105.23643,104.833419,104.960857,99.878585,-0.121415,0.183249,1.114614,"balanced",106
2025-09-01,"team","LCS","100 Thieves","aggression_ahead_league",104.205005,104.219856,105.004068,99.25316,-0.74684,-0.157298,1.915294,"cold_deteriorating",76
2025-09-01,"team","LCS","100 Thieves","aggression_behind_league",102.420011,102.334074,102.840286,99.507769,-0.492231,-0.058339,1.371433,"balanced",76
2025-09-01,"team","LCS","100 Thieves","combined_kills_per_minute",0.8694,0.890531,0.902304,98.6952,-1.3048,-0.235941,17.758775,"cold_deteriorating",76
2025-09-01,"team","LCS","100 Thieves","deaths_per_minute",0.437663,0.413744,0.440519,93.922009,-6.077991,1.266794,70.836543,"cold_recovering",76
2025-09-01,"team","LCS","100 Thieves","game_length_minutes",32.056944,33.163173,33.320216,99.528684,-0.471316,-0.180746,17.172293,"balanced",76
2025-09-01,"team","LCS","100 Thieves","kills_per_minute",0.431737,0.476787,0.461785,103.248575,3.248575,-1.669472,61.916816,"hot_cooling",76
2025-09-01,"team","LCS","100 Thieves","rating_attack_global",97.421325,95.514727,96.603281,98.873171,-1.126829,-0.21093,3.097843,"cold_deteriorating",76
2025-09-01,"team","LCS","100 Thieves","rating_attack_league",105.545851,102.933301,104.4411,98.556317,-1.443683,-0.427007,4.93127,"cold_deteriorating",76
2025-09-01,"team","LCS","100 Thieves","rating_defense_global",104.191551,101.990476,101.536395,100.447211,0.447211,-0.188288,3.021399,"balanced",76
2025-09-01,"team","LCS","100 Thieves","rating_defense_league",97.00993,94.336298,93.920259,100.44297,0.44297,-0.121235,2.883458,"balanced",76
2025-09-01,"team","LCS","100 Thieves","snowball_index_league",97.573084,97.11672,97.575557,99.529762,-0.470238,0.079378,1.887803,"balanced",76
2026-06-08,"team","LCS","Cloud9","aggression_ahead_league",102.326859,102.38463,102.043648,100.334152,0.334152,0.279714,1.419327,"hot_accelerating",99
2026-06-08,"team","LCS","Cloud9","aggression_behind_league",100.514617,99.585083,99.245221,100.342446,0.342446,0.119541,0.889522,"balanced",99
2026-06-08,"team","LCS","Cloud9","combined_kills_per_minute",0.662529,0.744399,0.778044,95.675616,-4.324384,-2.268802,23.924452,"cold_deteriorating",99
2026-06-08,"team","LCS","Cloud9","deaths_per_minute",0.563966,0.47803,0.383251,124.730377,24.730377,6.074883,35.028114,"hot_accelerating",99
2026-06-08,"team","LCS","Cloud9","game_length_minutes",28.472222,31.760469,32.200579,98.633225,-1.366775,1.343521,18.169622,"cold_recovering",99
2026-06-08,"team","LCS","Cloud9","kills_per_minute",0.098562,0.266369,0.394794,67.470349,-32.529651,-10.368536,51.770966,"cold_deteriorating",99
2026-06-08,"team","LCS","Cloud9","rating_attack_global",94.05748,96.634143,99.384871,97.232246,-2.767754,-0.48713,1.778078,"cold_deteriorating",99
2026-06-08,"team","LCS","Cloud9","rating_attack_league",109.67929,112.177871,113.373728,98.945208,-1.054792,0.054062,1.957359,"cold_recovering",99
2026-06-08,"team","LCS","Cloud9","rating_defense_global",118.168214,120.227972,119.532951,100.581447,0.581447,0.170217,2.870376,"hot_accelerating",99
2026-06-08,"team","LCS","Cloud9","rating_defense_league",105.708211,109.594177,111.657469,98.152123,-1.847877,-0.440649,3.015756,"cold_deteriorating",99
2026-06-08,"team","LCS","Cloud9","snowball_index_league",108.301731,108.947175,108.290091,100.606781,0.606781,0.523449,1.587576,"hot_accelerating",99
2025-09-29,"team","LCS","Conviction","aggression_ahead_league",100,100,100,100,0,,,"insufficient",1
2025-09-29,"team","LCS","Conviction","aggression_behind_league",100,100,100,100,0,,,"insufficient",1
2025-09-29,"team","LCS","Conviction","combined_kills_per_minute",1.112719,1.112719,1.112719,100,0,,,"insufficient",1
2025-09-29,"team","LCS","Conviction","deaths_per_minute",0.67135,0.67135,0.67135,100,0,,,"insufficient",1
2025-09-29,"team","LCS","Conviction","game_length_minutes",28.883333,28.883333,28.883333,100,0,,,"insufficient",1
2025-09-29,"team","LCS","Conviction","kills_per_minute",0.441369,0.441369,0.441369,100,0,,,"insufficient",1
2025-09-29,"team","LCS","Conviction","rating_attack_global",93.423141,93.423141,93.423141,100,0,,,"insufficient",1
2025-09-29,"team","LCS","Conviction","rating_attack_league",100,100,100,100,0,,,"insufficient",1
2025-09-29,"team","LCS","Conviction","rating_defense_global",106.865595,106.865595,106.865595,100,0,,,"insufficient",1
2025-09-29,"team","LCS","Conviction","rating_defense_league",100,100,100,100,0,,,"insufficient",1
2025-09-29,"team","LCS","Conviction","snowball_index_league",100,100,100,100,0,,,"insufficient",1
2023-03-20,"team","LCS","Counter Logic Gaming","aggression_ahead_league",100.23431,99.252083,99.633213,99.617467,-0.382533,-0.277816,0.970301,"cold_deteriorating",30
2023-03-20,"team","LCS","Counter Logic Gaming","aggression_behind_league",99.065534,100.594527,101.289362,99.31401,-0.68599,0.195684,1.465674,"cold_recovering",30
2023-03-20,"team","LCS","Counter Logic Gaming","combined_kills_per_minute",0.706075,0.727594,0.734529,99.055834,-0.944166,0.190659,22.455726,"cold_recovering",30
2023-03-20,"team","LCS","Counter Logic Gaming","deaths_per_minute",0.413539,0.379722,0.388683,97.694504,-2.305496,-4.18366,66.670682,"cold_deteriorating",30
2023-03-20,"team","LCS","Counter Logic Gaming","game_length_minutes",35.242857,37.07645,35.624545,104.075574,4.075574,2.303941,12.743868,"hot_accelerating",30
2023-03-20,"team","LCS","Counter Logic Gaming","kills_per_minute",0.292536,0.347872,0.345846,100.585778,0.585778,5.106777,53.645492,"hot_accelerating",30
2023-03-20,"team","LCS","Counter Logic Gaming","rating_attack_global",92.440201,91.44737,90.750844,100.767515,0.767515,-0.083044,1.816627,"hot_cooling",30
2023-03-20,"team","LCS","Counter Logic Gaming","rating_attack_league",98.623678,97.605635,96.794569,100.837925,0.837925,0.165026,2.814179,"hot_accelerating",30
2023-03-20,"team","LCS","Counter Logic Gaming","rating_defense_global",106.464263,105.296852,103.579218,101.65828,1.65828,0.391403,3.017234,"hot_accelerating",30
2023-03-20,"team","LCS","Counter Logic Gaming","rating_defense_league",99.610794,97.879008,95.711645,102.264471,2.264471,0.251987,3.002094,"hot_accelerating",30
2023-03-20,"team","LCS","Counter Logic Gaming","snowball_index_league",101.966016,102.147186,101.782014,100.358778,0.358778,0.146178,0.370965,"balanced",30
2026-05-11,"team","LCS","Dignitas","aggression_ahead_league",100.963189,101.236085,101.178444,100.05697,0.05697,0.037329,1.133009,"balanced",78
2026-05-11,"team","LCS","Dignitas","aggression_behind_league",97.693832,98.147994,97.981762,100.169656,0.169656,0.007579,1.402022,"balanced",78
2026-05-11,"team","LCS","Dignitas","combined_kills_per_minute",0.604071,0.692956,0.763021,90.817401,-9.182599,-2.045361,18.609259,"cold_deteriorating",78
2026-05-11,"team","LCS","Dignitas","deaths_per_minute",0.458221,0.469011,0.481651,97.375776,-2.624224,-0.701363,35.383531,"cold_deteriorating",78
2026-05-11,"team","LCS","Dignitas","game_length_minutes",28.775,31.953694,33.296153,95.968125,-4.031875,-1.108002,24.556614,"cold_deteriorating",78
2026-05-11,"team","LCS","Dignitas","kills_per_minute",0.14585,0.223945,0.281371,79.590755,-20.409245,-4.346023,38.833793,"cold_deteriorating",78
2026-05-11,"team","LCS","Dignitas","rating_attack_global",79.493934,81.371672,84.220339,96.617603,-3.382397,-0.653096,3.924752,"cold_deteriorating",78
2026-05-11,"team","LCS","Dignitas","rating_attack_league",85.724771,87.12336,89.242168,97.625777,-2.374223,-0.540486,4.450205,"cold_deteriorating",78
2026-05-11,"team","LCS","Dignitas","rating_defense_global",99.580849,98.968268,100.000035,98.968234,-1.031766,-0.357437,2.742354,"cold_deteriorating",78
2026-05-11,"team","LCS","Dignitas","rating_defense_league",88.538745,88.880839,91.098689,97.565443,-2.434557,-0.538952,2.77373,"cold_deteriorating",78
2026-05-11,"team","LCS","Dignitas","snowball_index_league",94.063932,95.77275,96.872859,98.864379,-1.135621,-0.069702,1.862973,"cold_deteriorating",78
2026-05-11,"team","LCS","Disguised","aggression_ahead_league",100.714496,101.602368,100.884629,100.711445,0.711445,0.411559,2.11797,"hot_accelerating",27
2026-05-11,"team","LCS","Disguised","aggression_behind_league",109.697024,108.838151,105.85421,102.818916,2.818916,0.673189,1.982439,"hot_accelerating",27
2026-05-11,"team","LCS","Disguised","combined_kills_per_minute",1.023159,0.87889,0.864755,101.634575,1.634575,0.419682,21.091137,"hot_accelerating",27
2026-05-11,"team","LCS","Disguised","deaths_per_minute",0.677606,0.542385,0.54022,100.400762,0.400762,1.318433,72.391993,"hot_accelerating",27
2026-05-11,"team","LCS","Disguised","game_length_minutes",33.5,32.750629,32.075742,102.104042,2.104042,0.062384,16.250924,"hot_accelerating",27
2026-05-11,"team","LCS","Disguised","kills_per_minute",0.345553,0.336505,0.324535,103.688375,3.688375,-1.076374,64.984807,"hot_cooling",27
2026-05-11,"team","LCS","Disguised","rating_attack_global",87.085107,88.210711,89.410126,98.658525,-1.341475,-0.278977,2.274963,"cold_deteriorating",27
2026-05-11,"team","LCS","Disguised","rating_attack_league",94.941898,95.038142,95.688798,99.320029,-0.679971,-0.286542,2.342623,"cold_deteriorating",27
2026-05-11,"team","LCS","Disguised","rating_defense_global",94.896213,94.20336,97.756071,96.365739,-3.634261,-1.342946,4.167449,"cold_deteriorating",27
2026-05-11,"team","LCS","Disguised","rating_defense_league",82.889805,83.118966,88.022499,94.429228,-5.570772,-1.809397,5.163632,"cold_deteriorating",27
2026-05-11,"team","LCS","Disguised","snowball_index_league",98.592463,97.801681,98.496365,99.294711,-0.705289,-0.382524,1.504618,"cold_deteriorating",27
2025-10-06,"team","LCS","Estral Esports","aggression_ahead_league",106.198811,102.479524,100.953663,101.511447,1.511447,,0,"insufficient",2
2025-10-06,"team","LCS","Estral Esports","aggression_behind_league",105.854332,102.341733,100.900666,101.428203,1.428203,,0,"insufficient",2
2025-10-06,"team","LCS","Estral Esports","combined_kills_per_minute",1.071615,1.101257,1.113417,98.907797,-1.092203,,0,"insufficient",2
2025-10-06,"team","LCS","Estral Esports","deaths_per_minute",0.570637,0.498055,0.468278,106.358845,6.358845,,0,"insufficient",2
2025-10-06,"team","LCS","Estral Esports","game_length_minutes",30.39,29.486,29.115128,101.273811,1.273811,,0,"insufficient",2
2025-10-06,"team","LCS","Estral Esports","kills_per_minute",0.500978,0.603201,0.645139,93.499406,-6.500594,,0,"insufficient",2
2025-10-06,"team","LCS","Estral Esports","rating_attack_global",108.445309,99.424507,95.723665,103.866172,3.866172,,0,"insufficient",2
2025-10-06,"team","LCS","Estral Esports","rating_attack_league",114.520991,105.800367,102.222675,103.499901,3.499901,,0,"insufficient",2
2025-10-06,"team","LCS","Estral Esports","rating_defense_global",99.923397,104.065261,105.764488,98.393387,-1.606613,,0,"insufficient",2
2025-10-06,"team","LCS","Estral Esports","rating_defense_league",96.411364,98.542598,99.41695,99.12052,-0.87948,,0,"insufficient",2
2025-10-06,"team","LCS","Estral Esports","snowball_index_league",99.656691,99.862676,99.947183,99.915449,-0.084551,,0,"insufficient",2
2023-08-07,"team","LCS","Evil Geniuses","aggression_ahead_league",100.483177,99.32193,98.292116,101.047707,1.047707,0.434455,1.223845,"hot_accelerating",45
2023-08-07,"team","LCS","Evil Geniuses","aggression_behind_league",108.068065,107.147364,104.420897,102.611036,2.611036,1.19238,1.261857,"hot_accelerating",45
2023-08-07,"team","LCS","Evil Geniuses","combined_kills_per_minute",0.88052,0.928919,0.872183,106.50503,6.50503,3.684745,10.699482,"hot_accelerating",45
2023-08-07,"team","LCS","Evil Geniuses","deaths_per_minute",0.596227,0.541618,0.458634,118.093599,18.093599,6.846114,60.951305,"hot_accelerating",45
2023-08-07,"team","LCS","Evil Geniuses","game_length_minutes",25.8125,28.234722,30.062292,93.920723,-6.079277,-1.698933,22.079786,"cold_deteriorating",45
2023-08-07,"team","LCS","Evil Geniuses","kills_per_minute",0.284292,0.387302,0.413549,93.653084,-6.346916,0.178725,57.860662,"cold_recovering",45
2023-08-07,"team","LCS","Evil Geniuses","rating_attack_global",104.752495,103.787087,101.682132,102.070133,2.070133,0.771779,2.09823,"hot_accelerating",45
2023-08-07,"team","LCS","Evil Geniuses","rating_attack_league",107.649177,107.380438,106.541256,100.787659,0.787659,0.496752,2.921768,"hot_accelerating",45
2023-08-07,"team","LCS","Evil Geniuses","rating_defense_global",98.683688,101.556774,106.470664,95.384748,-4.615252,-1.758155,3.537324,"cold_deteriorating",45
2023-08-07,"team","LCS","Evil Geniuses","rating_defense_league",96.646714,99.189752,103.450752,95.881132,-4.118868,-1.748965,3.985932,"cold_deteriorating",45
2023-08-07,"team","LCS","Evil Geniuses","snowball_index_league",103.296839,102.318743,100.844397,101.462001,1.462001,0.553957,1.246542,"hot_accelerating",45
2026-06-01,"team","LCS","FlyQuest","aggression_ahead_league",103.807085,104.402706,103.003228,101.358674,1.358674,0.516239,1.157367,"hot_accelerating",93
2026-06-01,"team","LCS","FlyQuest","aggression_behind_league",108.942821,109.627494,108.987409,100.587302,0.587302,0.22685,1.573038,"hot_accelerating",93
2026-06-01,"team","LCS","FlyQuest","combined_kills_per_minute",0.694676,0.722189,0.795619,90.77067,-9.22933,-2.795386,17.423693,"cold_deteriorating",93
2026-06-01,"team","LCS","FlyQuest","deaths_per_minute",0.364894,0.332809,0.368712,90.262498,-9.737502,-4.369289,49.358042,"cold_deteriorating",93
2026-06-01,"team","LCS","FlyQuest","game_length_minutes",32.183333,32.643081,32.488749,100.475032,0.475032,0.390429,9.607798,"hot_accelerating",93
2026-06-01,"team","LCS","FlyQuest","kills_per_minute",0.329782,0.38938,0.426907,91.20957,-8.79043,-1.436031,61.297718,"cold_deteriorating",93
2026-06-01,"team","LCS","FlyQuest","rating_attack_global",97.579166,98.610584,99.042465,99.563944,-0.436056,0.409777,3.55372,"cold_recovering",93
2026-06-01,"team","LCS","FlyQuest","rating_attack_league",112.828847,112.338955,110.785462,101.402254,1.402254,1.093775,3.554224,"hot_accelerating",93
2026-06-01,"team","LCS","FlyQuest","rating_defense_global",109.987843,106.958475,106.046983,100.859517,0.859517,0.619258,1.329857,"hot_accelerating",93
2026-06-01,"team","LCS","FlyQuest","rating_defense_league",96.388064,94.299408,95.426091,98.819314,-1.180686,0.216333,1.83687,"cold_recovering",93
2026-06-01,"team","LCS","FlyQuest","snowball_index_league",95.725536,95.763116,97.760688,97.956672,-2.043328,-0.549359,0.805489,"cold_deteriorating",93
2023-08-14,"team","LCS","Golden Guardians","aggression_ahead_league",107.399546,105.921734,104.278202,101.576103,1.576103,0.083939,1.609837,"hot_accelerating",41
2023-08-14,"team","LCS","Golden Guardians","aggression_behind_league",98.091334,98.790419,100.512035,98.287154,-1.712846,-0.578318,0.847774,"cold_deteriorating",41
2023-08-14,"team","LCS","Golden Guardians","combined_kills_per_minute",0.789474,0.863034,0.843543,102.31067,2.31067,0.794526,22.531552,"hot_accelerating",41
2023-08-14,"team","LCS","Golden Guardians","deaths_per_minute",0.490018,0.435937,0.398561,109.377869,9.377869,2.358953,30.453296,"hot_accelerating",41
2023-08-14,"team","LCS","Golden Guardians","game_length_minutes",36.733333,33.286079,32.510414,102.385898,2.385898,-0.225859,19.033058,"hot_cooling",41
2023-08-14,"team","LCS","Golden Guardians","kills_per_minute",0.299456,0.427097,0.444982,95.980732,-4.019268,-0.606698,42.901025,"cold_deteriorating",41
2023-08-14,"team","LCS","Golden Guardians","rating_attack_global",109.672851,107.488438,103.668429,103.684833,3.684833,0.684379,1.562206,"hot_accelerating",41
2023-08-14,"team","LCS","Golden Guardians","rating_attack_league",112.58598,110.905322,108.457698,102.256754,2.256754,0.310699,1.482961,"hot_accelerating",41
2023-08-14,"team","LCS","Golden Guardians","rating_defense_global",104.265125,104.741912,104.621956,100.114657,0.114657,0.371883,2.02299,"hot_accelerating",41
2023-08-14,"team","LCS","Golden Guardians","rating_defense_league",104.764642,104.25766,101.862654,102.351211,2.351211,0.94695,2.063093,"hot_accelerating",41
2023-08-14,"team","LCS","Golden Guardians","snowball_index_league",104.403738,103.213113,102.143999,101.046674,1.046674,0.268951,0.609077,"hot_accelerating",41
2024-08-05,"team","LCS","Immortals","aggression_ahead_league",98.245121,98.012566,98.155418,99.854463,-0.145537,-0.120552,1.521609,"balanced",45
2024-08-05,"team","LCS","Immortals","aggression_behind_league",96.244758,95.832958,96.524646,99.283408,-0.716592,-0.010737,1.154742,"cold_deteriorating",45
2024-08-05,"team","LCS","Immortals","combined_kills_per_minute",0.635454,0.735283,0.74205,99.088077,-0.911923,0.123602,33.61509,"cold_recovering",45
2024-08-05,"team","LCS","Immortals","deaths_per_minute",0.414781,0.493907,0.472058,104.628566,4.628566,1.237257,42.007364,"hot_accelerating",45
2024-08-05,"team","LCS","Immortals","game_length_minutes",36.955556,34.543628,33.491839,103.140432,3.140432,-0.224103,20.51101,"hot_cooling",45
2024-08-05,"team","LCS","Immortals","kills_per_minute",0.220673,0.241376,0.269992,89.401028,-10.598972,-1.823525,75.458106,"cold_deteriorating",45
2024-08-05,"team","LCS","Immortals","rating_attack_global",87.410129,89.216577,90.910374,98.13685,-1.86315,-0.046568,4.850798,"cold_deteriorating",45
2024-08-05,"team","LCS","Immortals","rating_attack_league",85.295347,87.408203,89.708779,97.435506,-2.564494,-0.154953,3.235054,"cold_deteriorating",45
2024-08-05,"team","LCS","Immortals","rating_defense_global",95.150051,97.751816,98.935233,98.803846,-1.196154,-0.048499,3.179545,"cold_deteriorating",45
2024-08-05,"team","LCS","Immortals","rating_defense_league",93.246247,96.30024,97.524658,98.744504,-1.255496,0.045375,3.271292,"cold_recovering",45
2024-08-05,"team","LCS","Immortals","snowball_index_league",93.544479,94.152499,96.266272,97.804243,-2.195757,-0.130369,2.73232,"cold_deteriorating",45
2025-10-06,"team","LCS","Luminosity Gaming","aggression_ahead_league",100.75726,100.302904,100.116502,100.186186,0.186186,,0,"insufficient",2
2025-10-06,"team","LCS","Luminosity Gaming","aggression_behind_league",100.019675,100.00787,100.003027,100.004843,0.004843,,0,"insufficient",2
2025-10-06,"team","LCS","Luminosity Gaming","combined_kills_per_minute",0.799535,0.910929,0.956629,95.222793,-4.777207,,0,"insufficient",2
2025-10-06,"team","LCS","Luminosity Gaming","deaths_per_minute",0.337628,0.267841,0.23921,111.968807,11.968807,,0,"insufficient",2
2025-10-06,"team","LCS","Luminosity Gaming","game_length_minutes",33.316667,31.736667,31.088462,102.085034,2.085034,,0,"insufficient",2
2025-10-06,"team","LCS","Luminosity Gaming","kills_per_minute",0.461907,0.643088,0.717419,89.63914,-10.36086,,0,"insufficient",2
2025-10-06,"team","LCS","Luminosity Gaming","rating_attack_global",106.081708,99.772248,97.183751,102.663508,2.663508,,0,"insufficient",2
2025-10-06,"team","LCS","Luminosity Gaming","rating_attack_league",109.793836,103.917534,101.506744,102.375005,2.375005,,0,"insufficient",2
2025-10-06,"team","LCS","Luminosity Gaming","rating_defense_global",109.74512,106.555852,105.247434,101.243183,1.243183,,0,"insufficient",2
2025-10-06,"team","LCS","Luminosity Gaming","rating_defense_league",108.988857,103.595543,101.382901,102.18246,2.18246,,0,"insufficient",2
2025-10-06,"team","LCS","Luminosity Gaming","snowball_index_league",101.931685,100.772674,100.297182,100.474083,0.474083,,0,"insufficient",2
2026-06-08,"team","LCS","LYON","aggression_ahead_league",98.626495,96.984736,95.688633,101.354501,1.354501,0.743078,1.014138,"hot_accelerating",29
2026-06-08,"team","LCS","LYON","aggression_behind_league",101.723777,102.165764,101.112063,101.042112,1.042112,0.469657,2.285923,"hot_accelerating",29
2026-06-08,"team","LCS","LYON","combined_kills_per_minute",0.66327,0.731269,0.75769,96.512873,-3.487127,-1.309005,27.584646,"cold_deteriorating",29
2026-06-08,"team","LCS","LYON","deaths_per_minute",0.171464,0.254077,0.298888,85.007388,-14.992612,-1.038038,40.688576,"cold_deteriorating",29
2026-06-08,"team","LCS","LYON","game_length_minutes",38.127778,36.357178,35.0291,103.791355,3.791355,1.159693,9.764571,"hot_accelerating",29
2026-06-08,"team","LCS","LYON","kills_per_minute",0.491806,0.477192,0.458802,104.008166,4.008166,-1.485527,30.057115,"hot_cooling",29
2026-06-08,"team","LCS","LYON","rating_attack_global",92.8407,92.638967,92.415969,100.241298,0.241298,0.256807,2.000223,"hot_accelerating",29
2026-06-08,"team","LCS","LYON","rating_attack_league",108.518274,106.293752,103.222339,102.975531,2.975531,0.976361,1.885032,"hot_accelerating",29
2026-06-08,"team","LCS","LYON","rating_defense_global",119.933856,117.750177,115.881837,101.61228,1.61228,-0.005084,3.250074,"hot_cooling",29
2026-06-08,"team","LCS","LYON","rating_defense_league",107.844554,107.304689,107.871356,99.474683,-0.525317,-0.742364,3.03883,"cold_deteriorating",29
2026-06-08,"team","LCS","LYON","snowball_index_league",102.135438,102.693188,102.217018,100.465842,0.465842,0.330191,1.225474,"hot_accelerating",29
2024-08-19,"team","LCS","NRG","aggression_ahead_league",99.440703,98.394046,99.035383,99.352416,-0.647584,-0.209563,0.879409,"cold_deteriorating",26
2024-08-19,"team","LCS","NRG","aggression_behind_league",102.973909,102.557052,101.125212,101.415907,1.415907,0.299597,2.043812,"hot_accelerating",26
2024-08-19,"team","LCS","NRG","combined_kills_per_minute",0.916631,0.905832,0.860116,105.31517,5.31517,1.618019,42.625986,"hot_accelerating",26
2024-08-19,"team","LCS","NRG","deaths_per_minute",0.387687,0.517038,0.504064,102.573948,2.573948,2.861405,99.429074,"hot_accelerating",26
2024-08-19,"team","LCS","NRG","game_length_minutes",36.696667,33.464419,33.536677,99.784543,-0.215457,-0.477876,29.118423,"cold_deteriorating",26
2024-08-19,"team","LCS","NRG","kills_per_minute",0.528944,0.388794,0.356052,109.195925,9.195925,-0.142247,30.154765,"hot_cooling",26
2024-08-19,"team","LCS","NRG","rating_attack_global",88.364399,90.383259,93.595287,96.568174,-3.431826,-0.812781,0.955955,"cold_deteriorating",26
2024-08-19,"team","LCS","NRG","rating_attack_league",86.960139,89.406561,92.999867,96.136225,-3.863775,-0.551501,1.708146,"cold_deteriorating",26
2024-08-19,"team","LCS","NRG","rating_defense_global",89.93202,92.823515,95.831653,96.861019,-3.138981,-0.145633,4.115308,"cold_deteriorating",26
2024-08-19,"team","LCS","NRG","rating_defense_league",85.019173,88.873986,93.15726,95.402104,-4.597896,-0.648529,3.870403,"cold_deteriorating",26
2024-08-19,"team","LCS","NRG","snowball_index_league",95.909792,97.941921,98.56151,99.371368,-0.628632,-0.015666,1.22361,"cold_deteriorating",26
2025-10-06,"team","LCS","SDM Tigres","aggression_ahead_league",100.586631,100.234653,100.090251,100.144271,0.144271,,0,"insufficient",2
2025-10-06,"team","LCS","SDM Tigres","aggression_behind_league",101.399326,100.55973,100.215281,100.34371,0.34371,,0,"insufficient",2
2025-10-06,"team","LCS","SDM Tigres","combined_kills_per_minute",1.063189,1.016391,0.997191,101.925341,1.925341,,0,"insufficient",2
2025-10-06,"team","LCS","SDM Tigres","deaths_per_minute",0.852643,0.799383,0.777532,102.810238,2.810238,,0,"insufficient",2
2025-10-06,"team","LCS","SDM Tigres","game_length_minutes",29.438889,30.185556,30.49188,98.995389,-1.004611,,0,"insufficient",2
2025-10-06,"team","LCS","SDM Tigres","kills_per_minute",0.210546,0.217008,0.219659,98.793053,-1.206947,,0,"insufficient",2
2025-10-06,"team","LCS","SDM Tigres","rating_attack_global",91.113766,93.785071,94.880991,98.844953,-1.155047,,0,"insufficient",2
2025-10-06,"team","LCS","SDM Tigres","rating_attack_league",92.798657,97.119463,98.892101,98.207503,-1.792497,,0,"insufficient",2
2025-10-06,"team","LCS","SDM Tigres","rating_defense_global",93.983209,100.251087,102.822525,97.49915,-2.50085,,0,"insufficient",2
2025-10-06,"team","LCS","SDM Tigres","rating_defense_league",90.307949,96.12318,98.508915,97.578153,-2.421847,,0,"insufficient",2
2025-10-06,"team","LCS","SDM Tigres","snowball_index_league",96.210495,98.484198,99.416999,99.061729,-0.938271,,0,"insufficient",2
2026-05-25,"team","LCS","Sentinels","aggression_ahead_league",100.473773,101.760927,101.924014,99.839992,-0.160008,0.132768,1.550856,"balanced",14
2026-05-25,"team","LCS","Sentinels","aggression_behind_league",98.999487,97.535871,97.628184,99.905445,-0.094555,-0.208006,1.097929,"balanced",14
2026-05-25,"team","LCS","Sentinels","combined_kills_per_minute",0.666833,0.655154,0.723601,90.540755,-9.459245,-2.630484,17.888408,"cold_deteriorating",14
2026-05-25,"team","LCS","Sentinels","deaths_per_minute",0.44676,0.34165,0.388056,88.041474,-11.958526,-4.600853,67.142303,"cold_deteriorating",14
2026-05-25,"team","LCS","Sentinels","game_length_minutes",34.616667,33.698769,34.36178,98.070501,-1.929499,0.263751,13.367275,"cold_recovering",14
2026-05-25,"team","LCS","Sentinels","kills_per_minute",0.220073,0.313504,0.335545,93.431153,-6.568847,-0.351767,48.720005,"cold_deteriorating",14
2026-05-25,"team","LCS","Sentinels","rating_attack_global",90.865479,91.660361,92.383114,99.217657,-0.782343,0.187382,1.84935,"cold_recovering",14
2026-05-25,"team","LCS","Sentinels","rating_attack_league",101.695888,100.083071,99.6801,100.404265,0.404265,0.191291,2.318754,"balanced",14
2026-05-25,"team","LCS","Sentinels","rating_defense_global",114.621564,111.451148,109.288112,101.979205,1.979205,0.35468,2.661061,"hot_accelerating",14
2026-05-25,"team","LCS","Sentinels","rating_defense_league",101.707883,100.550912,100.073591,100.47697,0.47697,0.199775,2.668689,"balanced",14
2026-05-25,"team","LCS","Sentinels","snowball_index_league",96.67863,95.778275,96.461594,99.291616,-0.708384,-0.122839,1.762136,"cold_deteriorating",14
2026-05-25,"team","LCS","Shopify Rebellion","aggression_ahead_league",105.683375,104.236572,101.53365,102.662095,2.662095,0.638879,0.861895,"hot_accelerating",44
2026-05-25,"team","LCS","Shopify Rebellion","aggression_behind_league",104.515634,104.197831,103.146456,101.019304,1.019304,0.463756,1.617319,"hot_accelerating",44
2026-05-25,"team","LCS","Shopify Rebellion","combined_kills_per_minute",0.727288,0.81827,0.850574,96.202106,-3.797894,-1.50879,30.506547,"cold_deteriorating",44
2026-05-25,"team","LCS","Shopify Rebellion","deaths_per_minute",0.528706,0.474199,0.500917,94.666205,-5.333795,-1.297647,74.160738,"cold_deteriorating",44
2026-05-25,"team","LCS","Shopify Rebellion","game_length_minutes",31.594444,32.518973,32.43268,100.266068,0.266068,1.103234,6.811973,"hot_accelerating",44
2026-05-25,"team","LCS","Shopify Rebellion","kills_per_minute",0.198581,0.344071,0.349657,98.402428,-1.597572,-1.811273,92.75688,"cold_deteriorating",44
2026-05-25,"team","LCS","Shopify Rebellion","rating_attack_global",83.828845,83.258796,85.051433,97.89229,-2.10771,-0.9572,4.599189,"cold_deteriorating",44
2026-05-25,"team","LCS","Shopify Rebellion","rating_attack_league",95.071583,91.87946,91.802447,100.083889,0.083889,-0.480896,5.526472,"hot_cooling",44
2026-05-25,"team","LCS","Shopify Rebellion","rating_defense_global",97.287565,94.761335,96.975927,97.716349,-2.283651,-1.169813,5.099045,"cold_deteriorating",44
2026-05-25,"team","LCS","Shopify Rebellion","rating_defense_league",83.436401,82.859132,87.0056,95.234251,-4.765749,-1.834968,5.363472,"cold_deteriorating",44
2026-05-25,"team","LCS","Shopify Rebellion","snowball_index_league",98.188984,97.907979,97.360872,100.561937,0.561937,0.046369,1.828312,"hot_accelerating",44
2026-06-08,"team","LCS","Team Liquid","aggression_ahead_league",99.658032,101.642915,102.694656,98.975856,-1.024144,-0.296237,1.4534,"cold_deteriorating",98
2026-06-08,"team","LCS","Team Liquid","aggression_behind_league",98.885406,99.103153,98.856962,100.249038,0.249038,0.110433,0.956203,"balanced",98
2026-06-08,"team","LCS","Team Liquid","combined_kills_per_minute",0.658443,0.684086,0.733181,93.30392,-6.69608,-2.22009,12.638989,"cold_deteriorating",98
2026-06-08,"team","LCS","Team Liquid","deaths_per_minute",0.295184,0.304742,0.322981,94.352816,-5.647184,1.302448,44.728503,"cold_recovering",98
2026-06-08,"team","LCS","Team Liquid","game_length_minutes",33.3,33.113534,33.507332,98.82474,-1.17526,-0.273378,7.902964,"cold_deteriorating",98
2026-06-08,"team","LCS","Team Liquid","kills_per_minute",0.363259,0.379345,0.4102,92.478045,-7.521955,-4.993648,39.512581,"cold_deteriorating",98
2026-06-08,"team","LCS","Team Liquid","rating_attack_global",96.749338,98.314339,99.307422,98.999991,-1.000009,-0.700786,2.352152,"cold_deteriorating",98
2026-06-08,"team","LCS","Team Liquid","rating_attack_league",112.220796,112.829775,111.595698,101.105846,1.105846,-0.020907,2.442847,"hot_cooling",98
2026-06-08,"team","LCS","Team Liquid","rating_defense_global",126.21975,122.886629,118.434344,103.759286,3.759286,0.84878,2.735049,"hot_accelerating",98
2026-06-08,"team","LCS","Team Liquid","rating_defense_league",114.180324,111.255656,108.772033,102.283329,2.283329,0.217885,3.119777,"hot_accelerating",98
2026-06-08,"team","LCS","Team Liquid","snowball_index_league",101.001249,100.890635,101.132539,99.760805,-0.239195,-0.231027,1.911793,"balanced",98
2023-07-31,"team","LCS","TSM","aggression_ahead_league",98.997499,98.311424,98.535145,99.772953,-0.227047,0.013693,1.070023,"balanced",36
2023-07-31,"team","LCS","TSM","aggression_behind_league",101.706971,100.832622,101.217498,99.619753,-0.380247,-0.49245,1.239987,"cold_deteriorating",36
2023-07-31,"team","LCS","TSM","combined_kills_per_minute",0.813929,0.847167,0.805712,105.145203,5.145203,1.641829,23.858978,"hot_accelerating",36
2023-07-31,"team","LCS","TSM","deaths_per_minute",0.480383,0.493323,0.451403,109.286641,9.286641,3.479639,46.992126,"hot_accelerating",36
2023-07-31,"team","LCS","TSM","game_length_minutes",34.093333,30.49114,31.28737,97.455108,-2.544892,-2.097699,14.735802,"cold_deteriorating",36
2023-07-31,"team","LCS","TSM","kills_per_minute",0.333547,0.353845,0.354309,99.86886,-0.13114,-0.699607,72.560579,"cold_deteriorating",36
2023-07-31,"team","LCS","TSM","rating_attack_global",92.742505,93.631621,92.981518,100.699175,0.699175,0.34208,2.669975,"hot_accelerating",36
2023-07-31,"team","LCS","TSM","rating_attack_league",92.926815,94.793358,95.884695,98.861824,-1.138176,-0.278009,2.367907,"cold_deteriorating",36
2023-07-31,"team","LCS","TSM","rating_defense_global",95.075958,98.983987,100.886971,98.113746,-1.886254,-0.22671,2.689733,"cold_deteriorating",36
2023-07-31,"team","LCS","TSM","rating_defense_league",92.336966,96.197631,96.405829,99.78404,-0.21596,0.448307,3.530716,"cold_recovering",36
2023-07-31,"team","LCS","TSM","snowball_index_league",98.488196,98.246572,98.627692,99.613577,-0.386423,-0.133918,1.264351,"balanced",36
2023-07-03,"team","LEC","Astralis","aggression_ahead_league",95.519751,97.244763,98.68384,98.541731,-1.458269,-0.116382,1.059498,"cold_deteriorating",31
2023-07-03,"team","LEC","Astralis","aggression_behind_league",107.732915,106.841002,104.040829,102.691418,2.691418,0.321924,0.768657,"hot_accelerating",31
2023-07-03,"team","LEC","Astralis","combined_kills_per_minute",0.945158,0.868481,0.905266,95.936547,-4.063453,-0.348163,36.534817,"cold_deteriorating",31
2023-07-03,"team","LEC","Astralis","deaths_per_minute",0.770128,0.593169,0.549514,107.944301,7.944301,1.452062,61.856118,"hot_accelerating",31
2023-07-03,"team","LEC","Astralis","game_length_minutes",28.566667,29.478668,30.548244,96.49873,-3.50127,-0.337184,14.65278,"cold_deteriorating",31
2023-07-03,"team","LEC","Astralis","kills_per_minute",0.175029,0.275312,0.355752,77.388726,-22.611274,-3.128888,42.10442,"cold_deteriorating",31
2023-07-03,"team","LEC","Astralis","rating_attack_global",102.422016,106.450953,106.639385,99.8233,-0.1767,0.083384,2.628038,"balanced",31
2023-07-03,"team","LEC","Astralis","rating_attack_league",93.74192,95.058643,95.769435,99.257809,-0.742191,-0.062841,1.836086,"cold_deteriorating",31
2023-07-03,"team","LEC","Astralis","rating_defense_global",84.978721,82.853157,85.176733,97.272054,-2.727946,-0.415356,3.707498,"cold_deteriorating",31
2023-07-03,"team","LEC","Astralis","rating_defense_league",90.34625,90.292986,92.581082,97.528549,-2.471451,-0.350783,2.502597,"cold_deteriorating",31
2023-07-03,"team","LEC","Astralis","snowball_index_league",98.228895,98.839199,98.527219,100.316644,0.316644,0.067364,1.297561,"balanced",31
2023-08-21,"team","LEC","Excel Esports","aggression_ahead_league",100.156281,99.814292,99.07766,100.743489,0.743489,0.173314,0.657156,"hot_accelerating",35
2023-08-21,"team","LEC","Excel Esports","aggression_behind_league",104.11137,102.085794,99.785726,102.305008,2.305008,0.574701,2.597163,"hot_accelerating",35
2023-08-21,"team","LEC","Excel Esports","combined_kills_per_minute",0.905793,0.877148,0.834228,105.1449,5.1449,2.016475,21.517759,"hot_accelerating",35
2023-08-21,"team","LEC","Excel Esports","deaths_per_minute",0.447879,0.443152,0.42035,105.424533,5.424533,2.510999,43.711048,"hot_accelerating",35
2023-08-21,"team","LEC","Excel Esports","game_length_minutes",28.656667,30.979647,32.583274,95.078371,-4.921629,-0.959884,11.310984,"cold_deteriorating",35
2023-08-21,"team","LEC","Excel Esports","kills_per_minute",0.457914,0.433997,0.413878,104.860895,4.860895,1.514219,34.433605,"hot_accelerating",35
2023-08-21,"team","LEC","Excel Esports","rating_attack_global",104.065111,104.037618,103.065512,100.943192,0.943192,0.018205,2.550692,"hot_accelerating",35
2023-08-21,"team","LEC","Excel Esports","rating_attack_league",99.190502,98.901319,96.299068,102.70226,2.70226,1.093826,2.178708,"hot_accelerating",35
2023-08-21,"team","LEC","Excel Esports","rating_defense_global",90.642491,92.787409,92.84419,99.938843,-0.061157,0.917394,5.120569,"cold_recovering",35
2023-08-21,"team","LEC","Excel Esports","rating_defense_league",93.666087,96.742815,98.407576,98.3083,-1.6917,-0.004218,3.843721,"cold_deteriorating",35
2023-08-21,"team","LEC","Excel Esports","snowball_index_league",100.015768,101.068122,100.280163,100.785757,0.785757,0.368378,1.576329,"hot_accelerating",35
2026-05-04,"team","LEC","Fnatic","aggression_ahead_league",95.716884,97.348675,98.794079,98.536952,-1.463048,0.030067,1.225911,"cold_recovering",97
2026-05-04,"team","LEC","Fnatic","aggression_behind_league",98.562873,99.317564,100.631525,98.694285,-1.305715,-0.08257,1.191531,"cold_deteriorating",97
2026-05-04,"team","LEC","Fnatic","combined_kills_per_minute",0.879398,0.774676,0.775349,99.913132,-0.086868,-0.396468,15.365425,"cold_deteriorating",97
2026-05-04,"team","LEC","Fnatic","deaths_per_minute",0.510355,0.374634,0.379335,98.760745,-1.239255,-2.058648,61.245239,"cold_deteriorating",97
2026-05-04,"team","LEC","Fnatic","game_length_minutes",35.222222,35.545142,34.510097,102.999254,2.999254,1.095083,21.884366,"hot_accelerating",97
2026-05-04,"team","LEC","Fnatic","kills_per_minute",0.369043,0.400041,0.396014,101.016985,1.016985,1.195707,25.441413,"hot_accelerating",97
2026-05-04,"team","LEC","Fnatic","rating_attack_global",88.845997,87.95182,89.497461,98.272977,-1.727023,-0.209057,1.706962,"cold_deteriorating",97
2026-05-04,"team","LEC","Fnatic","rating_attack_league",98.122354,97.543023,99.548129,97.985793,-2.014207,-0.233827,2.007716,"cold_deteriorating",97
2026-05-04,"team","LEC","Fnatic","rating_defense_global",115.859441,112.903381,111.12526,101.600105,1.600105,-0.085924,3.490737,"hot_cooling",97
2026-05-04,"team","LEC","Fnatic","rating_defense_league",105.472698,101.766501,100.124923,101.63953,1.63953,-0.16285,3.636346,"hot_cooling",97
2026-05-04,"team","LEC","Fnatic","snowball_index_league",92.626096,94.725375,98.191273,96.470258,-3.529742,-0.295691,2.742792,"cold_deteriorating",97
2026-07-20,"team","LEC","G2 Esports","aggression_ahead_league",109.973631,105.729247,102.156059,103.497774,3.497774,0.463243,1.765856,"hot_accelerating",107
2026-07-20,"team","LEC","G2 Esports","aggression_behind_league",104.626119,102.331693,102.137221,100.190403,0.190403,-0.150677,2.049468,"balanced",107
2026-07-20,"team","LEC","G2 Esports","combined_kills_per_minute",0.951934,0.922771,0.871941,105.829566,5.829566,1.325266,25.823551,"hot_accelerating",107
2026-07-20,"team","LEC","G2 Esports","deaths_per_minute",0.248386,0.315319,0.328091,96.107091,-3.892909,0.094559,21.463687,"cold_recovering",107
2026-07-20,"team","LEC","G2 Esports","game_length_minutes",34.279167,32.54773,33.070085,98.420461,-1.579539,-0.967242,9.8713,"cold_deteriorating",107
2026-07-20,"team","LEC","G2 Esports","kills_per_minute",0.703548,0.607453,0.54385,111.694887,11.694887,2.06772,43.703262,"hot_accelerating",107
2026-07-20,"team","LEC","G2 Esports","rating_attack_global",103.122541,104.540014,101.672825,102.820015,2.820015,0.53085,2.931676,"hot_accelerating",107
2026-07-20,"team","LEC","G2 Esports","rating_attack_league",115.871309,116.427201,113.697358,102.400974,2.400974,0.365636,2.508593,"hot_accelerating",107
2026-07-20,"team","LEC","G2 Esports","rating_defense_global",102.744501,112.907063,116.669448,96.775175,-3.224825,-0.276227,5.25663,"cold_deteriorating",107
2026-07-20,"team","LEC","G2 Esports","rating_defense_league",96.642523,106.00139,108.297083,97.880189,-2.119811,0.015062,5.741938,"cold_recovering",107
2026-07-20,"team","LEC","G2 Esports","snowball_index_league",105.272728,105.001665,103.55841,101.393663,1.393663,0.333614,1.048227,"hot_accelerating",107
2026-06-01,"team","LEC","GiantX","aggression_ahead_league",97.073741,97.34442,98.048162,99.28225,-0.71775,-0.096828,1.514222,"cold_deteriorating",49
2026-06-01,"team","LEC","GiantX","aggression_behind_league",102.972806,101.39057,99.635514,101.761477,1.761477,0.366566,1.792697,"hot_accelerating",49
2026-06-01,"team","LEC","GiantX","combined_kills_per_minute",0.737562,0.816717,0.811354,100.661042,0.661042,0.850653,31.755843,"hot_accelerating",49
2026-06-01,"team","LEC","GiantX","deaths_per_minute",0.541123,0.476008,0.428138,111.180995,11.180995,1.022654,45.830917,"hot_accelerating",49
2026-06-01,"team","LEC","GiantX","game_length_minutes",30.522222,34.176639,33.860539,100.933534,0.933534,0.281986,18.317143,"hot_accelerating",49
2026-06-01,"team","LEC","GiantX","kills_per_minute",0.196439,0.340709,0.383216,88.907886,-11.092114,0.658489,57.553579,"cold_recovering",49
2026-06-01,"team","LEC","GiantX","rating_attack_global",90.582717,89.418936,88.967495,100.507423,0.507423,0.185289,2.196234,"hot_accelerating",49
2026-06-01,"team","LEC","GiantX","rating_attack_league",96.692974,96.572575,97.255666,99.297634,-0.702366,0.012399,2.577262,"cold_recovering",49
2026-06-01,"team","LEC","GiantX","rating_defense_global",103.347692,106.555103,110.081989,96.796128,-3.203872,-0.529466,5.133812,"cold_deteriorating",49
2026-06-01,"team","LEC","GiantX","rating_defense_league",96.036344,98.002683,100.394596,97.617489,-2.382511,-0.400503,4.514741,"cold_deteriorating",49
2026-06-01,"team","LEC","GiantX","snowball_index_league",101.709673,102.629574,102.031287,100.586376,0.586376,0.172523,2.152013,"hot_accelerating",49
2026-07-20,"team","LEC","Karmine Corp","aggression_ahead_league",102.635086,101.352123,99.682876,101.674558,1.674558,0.43597,2.039281,"hot_accelerating",51
2026-07-20,"team","LEC","Karmine Corp","aggression_behind_league",110.452192,106.882696,103.36965,103.398528,3.398528,0.53948,2.020076,"hot_accelerating",51
2026-07-20,"team","LEC","Karmine Corp","combined_kills_per_minute",0.979928,0.886909,0.844297,105.047057,5.047057,0.428575,12.959043,"hot_accelerating",51
2026-07-20,"team","LEC","Karmine Corp","deaths_per_minute",0.362526,0.36529,0.355103,102.868709,2.868709,1.539977,80.88417,"hot_accelerating",51
2026-07-20,"team","LEC","Karmine Corp","game_length_minutes",33.65,32.682008,32.794166,99.657993,-0.342007,-0.252396,23.508347,"cold_deteriorating",51
2026-07-20,"team","LEC","Karmine Corp","kills_per_minute",0.617401,0.521619,0.489194,106.628308,6.628308,-0.378186,39.530943,"hot_cooling",51
2026-07-20,"team","LEC","Karmine Corp","rating_attack_global",103.787815,102.880248,99.839272,103.045872,3.045872,0.655099,3.472257,"hot_accelerating",51
2026-07-20,"team","LEC","Karmine Corp","rating_attack_league",115.103038,114.043664,111.488213,102.292127,2.292127,0.492862,4.149581,"hot_accelerating",51
2026-07-20,"team","LEC","Karmine Corp","rating_defense_global",104.48222,110.429246,116.538468,94.757764,-5.242236,-0.979454,4.871241,"cold_deteriorating",51
2026-07-20,"team","LEC","Karmine Corp","rating_defense_league",98.238346,103.477511,108.268597,95.574815,-4.425185,-0.836932,5.39651,"cold_deteriorating",51
2026-07-20,"team","LEC","Karmine Corp","snowball_index_league",109.150697,108.492408,107.265194,101.144093,1.144093,0.212369,2.24524,"hot_accelerating",51
2026-02-02,"team","LEC","Karmine Corp Blue","aggression_ahead_league",100.018248,100.91741,102.169115,98.774869,-1.225131,-0.805896,1.05641,"cold_deteriorating",4
2026-02-02,"team","LEC","Karmine Corp Blue","aggression_behind_league",111.426028,109.279192,106.733282,102.385302,2.385302,1.583807,3.286213,"hot_accelerating",4
2026-02-02,"team","LEC","Karmine Corp Blue","combined_kills_per_minute",0.817108,0.91741,0.894614,102.548205,2.548205,2.56533,34.542885,"hot_accelerating",4
2026-02-02,"team","LEC","Karmine Corp Blue","deaths_per_minute",0.496167,0.566206,0.504982,112.124021,12.124021,9.658092,54.585777,"hot_accelerating",4
2026-02-02,"team","LEC","Karmine Corp Blue","game_length_minutes",32.811111,33.961444,35.240966,96.369221,-3.630779,-2.274373,5.635252,"cold_deteriorating",4
2026-02-02,"team","LEC","Karmine Corp Blue","kills_per_minute",0.320941,0.351204,0.389632,90.137476,-9.862524,-6.627238,18.34758,"cold_deteriorating",4
2026-02-02,"team","LEC","Karmine Corp Blue","rating_attack_global",90.315105,92.04317,91.973611,100.07563,0.07563,0.231859,3.476478,"balanced",4
2026-02-02,"team","LEC","Karmine Corp Blue","rating_attack_league",99.740002,103.947756,107.273313,96.899922,-3.100078,-1.893772,0.830114,"cold_deteriorating",4
2026-02-02,"team","LEC","Karmine Corp Blue","rating_defense_global",98.000004,103.797307,110.100087,94.275409,-5.724591,-3.719419,5.032275,"cold_deteriorating",4
2026-02-02,"team","LEC","Karmine Corp Blue","rating_defense_league",85.899863,91.050448,95.532386,95.308463,-4.691537,-2.96725,5.196299,"cold_deteriorating",4
2026-02-02,"team","LEC","Karmine Corp Blue","snowball_index_league",98.220824,100.959011,103.042928,97.977622,-2.022378,-1.220026,0.524968,"cold_deteriorating",4
2023-07-17,"team","LEC","KOI","aggression_ahead_league",95.515234,95.489605,95.703693,99.776302,-0.223698,-0.008249,1.350711,"balanced",18
2023-07-17,"team","LEC","KOI","aggression_behind_league",95.012125,95.253911,95.138132,100.121696,0.121696,0.094517,1.460129,"balanced",18
2023-07-17,"team","LEC","KOI","combined_kills_per_minute",0.762964,0.764245,0.757181,100.932925,0.932925,-1.327276,41.594255,"hot_cooling",18
2023-07-17,"team","LEC","KOI","deaths_per_minute",0.549809,0.45645,0.415963,109.733322,9.733322,-2.008435,57.693688,"hot_cooling",18
2023-07-17,"team","LEC","KOI","game_length_minutes",35.083333,32.447195,32.364674,100.254973,0.254973,0.290067,11.198056,"hot_accelerating",18
2023-07-17,"team","LEC","KOI","kills_per_minute",0.213155,0.307795,0.341218,90.204755,-9.795245,-0.496905,130.428849,"cold_deteriorating",18
2023-07-17,"team","LEC","KOI","rating_attack_global",94.102895,97.030352,100.748748,96.309239,-3.690761,-0.263572,3.51258,"cold_deteriorating",18
2023-07-17,"team","LEC","KOI","rating_attack_league",89.119136,89.892043,91.134082,98.63713,-1.36287,-0.105539,2.692639,"cold_deteriorating",18
2023-07-17,"team","LEC","KOI","rating_defense_global",98.345267,96.650214,95.134172,101.593583,1.593583,0.026548,3.79321,"hot_accelerating",18
2023-07-17,"team","LEC","KOI","rating_defense_league",102.279632,102.802881,103.9604,98.886578,-1.113422,-0.18754,1.352207,"cold_deteriorating",18
2023-07-17,"team","LEC","KOI","snowball_index_league",98.374554,98.938094,98.908228,100.030196,0.030196,0.024104,1.353817,"balanced",18
2026-02-02,"team","LEC","Los Ratones","aggression_ahead_league",100,100,100,100,0,0,0,"balanced",4
2026-02-02,"team","LEC","Los Ratones","aggression_behind_league",94.014215,95.824755,97.214569,98.570365,-1.429635,-0.84988,1.310899,"cold_deteriorating",4
2026-02-02,"team","LEC","Los Ratones","combined_kills_per_minute",0.763877,0.715458,0.674608,106.055492,6.055492,3.504707,18.025871,"hot_accelerating",4
2026-02-02,"team","LEC","Los Ratones","deaths_per_minute",0.464361,0.410698,0.435818,94.236154,-5.763846,-5.619972,48.462559,"cold_deteriorating",4
2026-02-02,"team","LEC","Los Ratones","game_length_minutes",33.572222,34.200689,34.444565,99.291976,-0.708024,-0.189496,13.180463,"cold_deteriorating",4
2026-02-02,"team","LEC","Los Ratones","kills_per_minute",0.299516,0.30476,0.238789,127.627179,27.627179,20.158323,55.815279,"hot_accelerating",4
2026-02-02,"team","LEC","Los Ratones","rating_attack_global",84.395406,84.907058,84.43257,100.561973,0.561973,0.502999,3.669223,"hot_accelerating",4
2026-02-02,"team","LEC","Los Ratones","rating_attack_league",92.316974,93.789159,95.581301,98.125009,-1.874991,-1.175552,4.026531,"cold_deteriorating",4
2026-02-02,"team","LEC","Los Ratones","rating_defense_global",113.017347,112.373304,114.282148,98.32971,-1.67029,-1.254018,4.833033,"cold_deteriorating",4
2026-02-02,"team","LEC","Los Ratones","rating_defense_league",102.425929,100.739429,100.143022,100.595555,0.595555,0.293205,2.408151,"hot_accelerating",4
2026-02-02,"team","LEC","Los Ratones","snowball_index_league",100,100,100,100,0,0,0,"balanced",4
2024-08-26,"team","LEC","MAD Lions KOI","aggression_ahead_league",105.671127,105.19404,104.769791,100.404934,0.404934,0.063831,1.954827,"balanced",60
2024-08-26,"team","LEC","MAD Lions KOI","aggression_behind_league",99.157309,99.626204,100.225911,99.401645,-0.598355,0.063396,0.889933,"cold_recovering",60
2024-08-26,"team","LEC","MAD Lions KOI","combined_kills_per_minute",0.812729,0.836283,0.859532,97.295188,-2.704812,0.478431,21.850648,"cold_recovering",60
2024-08-26,"team","LEC","MAD Lions KOI","deaths_per_minute",0.475408,0.461885,0.464418,99.454534,-0.545466,0.085856,34.710245,"cold_recovering",60
2024-08-26,"team","LEC","MAD Lions KOI","game_length_minutes",29.791667,32.021596,32.35305,98.97551,-1.02449,0.33433,15.439632,"cold_recovering",60
2024-08-26,"team","LEC","MAD Lions KOI","kills_per_minute",0.337321,0.374399,0.395114,94.757091,-5.242909,0.939864,69.110312,"cold_recovering",60
2024-08-26,"team","LEC","MAD Lions KOI","rating_attack_global",100.20716,101.086667,103.290701,97.866183,-2.133817,-0.362871,3.244623,"cold_deteriorating",60
2024-08-26,"team","LEC","MAD Lions KOI","rating_attack_league",101.445986,101.130872,101.398114,99.736443,-0.263557,0.029921,3.166859,"balanced",60
2024-08-26,"team","LEC","MAD Lions KOI","rating_defense_global",96.748186,95.359552,93.663007,101.811328,1.811328,0.259475,1.826971,"hot_accelerating",60
2024-08-26,"team","LEC","MAD Lions KOI","rating_defense_league",95.006545,94.693963,94.82605,99.860706,-0.139294,-0.154826,2.34115,"balanced",60
2024-08-26,"team","LEC","MAD Lions KOI","snowball_index_league",96.744999,98.485821,98.590934,99.893385,-0.106615,0.18098,1.825671,"balanced",60
2022-08-29,"team","LEC","Misfits Gaming","aggression_ahead_league",102.460767,101.344717,100.836986,100.503517,0.503517,0.066076,1.098066,"hot_accelerating",20
2022-08-29,"team","LEC","Misfits Gaming","aggression_behind_league",104.674154,106.056524,106.309217,99.762303,-0.237697,-0.089589,1.259521,"balanced",20
2022-08-29,"team","LEC","Misfits Gaming","combined_kills_per_minute",1.059904,0.927225,0.881622,105.172567,5.172567,0.491025,19.479173,"hot_accelerating",20
2022-08-29,"team","LEC","Misfits Gaming","deaths_per_minute",0.689621,0.532885,0.466006,114.351529,14.351529,1.180666,39.217154,"hot_accelerating",20
2022-08-29,"team","LEC","Misfits Gaming","game_length_minutes",34.338889,32.995122,33.085506,99.726817,-0.273183,-0.385184,14.720459,"cold_deteriorating",20
2022-08-29,"team","LEC","Misfits Gaming","kills_per_minute",0.370283,0.39434,0.415616,94.880726,-5.119274,-0.282231,58.672969,"cold_deteriorating",20
2022-08-29,"team","LEC","Misfits Gaming","rating_attack_global",100.312227,101.234683,101.335913,99.900104,-0.099896,0.216163,2.619362,"balanced",20
2022-08-29,"team","LEC","Misfits Gaming","rating_attack_league",101.631379,103.164623,101.779496,101.360909,1.360909,0.952261,3.663541,"hot_accelerating",20
2022-08-29,"team","LEC","Misfits Gaming","rating_defense_global",94.788926,95.799014,94.022744,101.889192,1.889192,1.242978,2.766211,"hot_accelerating",20
2022-08-29,"team","LEC","Misfits Gaming","rating_defense_league",92.334179,93.201001,92.261213,101.018616,1.018616,0.954828,3.162641,"hot_accelerating",20
2022-08-29,"team","LEC","Misfits Gaming","snowball_index_league",104.184514,103.535118,102.776932,100.737701,0.737701,0.17038,0.655593,"hot_accelerating",20
2026-07-20,"team","LEC","Movistar KOI","aggression_ahead_league",101.664959,102.059594,102.327577,99.738113,-0.261887,-0.019787,1.844637,"balanced",34
2026-07-20,"team","LEC","Movistar KOI","aggression_behind_league",106.679902,106.504323,103.440865,102.961555,2.961555,0.489254,1.952509,"hot_accelerating",34
2026-07-20,"team","LEC","Movistar KOI","combined_kills_per_minute",0.962402,0.869052,0.834523,104.137563,4.137563,0.361193,35.225999,"hot_accelerating",34
2026-07-20,"team","LEC","Movistar KOI","deaths_per_minute",0.629966,0.515276,0.423909,121.553476,21.553476,1.808473,79.34943,"hot_accelerating",34
2026-07-20,"team","LEC","Movistar KOI","game_length_minutes",34.620833,34.655042,34.022609,101.85886,1.85886,0.137272,10.664527,"hot_accelerating",34
2026-07-20,"team","LEC","Movistar KOI","kills_per_minute",0.332436,0.353776,0.410614,86.15775,-13.84225,-1.132948,48.013094,"cold_deteriorating",34
2026-07-20,"team","LEC","Movistar KOI","rating_attack_global",97.138976,100.075243,97.706878,102.42395,2.42395,0.637869,4.450519,"hot_accelerating",34
2026-07-20,"team","LEC","Movistar KOI","rating_attack_league",106.348677,110.159406,108.269318,101.745728,1.745728,0.50765,4.778516,"hot_accelerating",34
2026-07-20,"team","LEC","Movistar KOI","rating_defense_global",103.472213,106.962714,109.683072,97.519801,-2.480199,-0.290128,2.934502,"cold_deteriorating",34
2026-07-20,"team","LEC","Movistar KOI","rating_defense_league",95.264916,98.810402,100.565314,98.254953,-1.745047,-0.082546,3.249606,"cold_deteriorating",34
2026-07-20,"team","LEC","Movistar KOI","snowball_index_league",98.162404,101.137134,101.016208,100.119709,0.119709,0.206616,2.728172,"balanced",34
2026-05-25,"team","LEC","Natus Vincere","aggression_ahead_league",101.612286,102.295198,101.757661,100.528253,0.528253,0.118762,1.527726,"hot_accelerating",15
2026-05-25,"team","LEC","Natus Vincere","aggression_behind_league",99.233773,98.938329,99.571764,99.36384,-0.63616,-0.250071,1.080032,"cold_deteriorating",15
2026-05-25,"team","LEC","Natus Vincere","combined_kills_per_minute",0.744057,0.825207,0.836036,98.704673,-1.295327,0.271044,22.855518,"cold_recovering",15
2026-05-25,"team","LEC","Natus Vincere","deaths_per_minute",0.517623,0.495335,0.469503,105.501916,5.501916,1.227346,44.721645,"hot_accelerating",15
2026-05-25,"team","LEC","Natus Vincere","game_length_minutes",31.383333,32.79205,32.743952,100.146891,0.146891,0.021802,16.769323,"balanced",15
2026-05-25,"team","LEC","Natus Vincere","kills_per_minute",0.226434,0.329873,0.366534,89.9979,-10.0021,-0.953909,39.678319,"cold_deteriorating",15
2026-05-25,"team","LEC","Natus Vincere","rating_attack_global",93.621462,92.9436,91.591838,101.475853,1.475853,0.049209,3.019998,"hot_accelerating",15
2026-05-25,"team","LEC","Natus Vincere","rating_attack_league",100.297759,102.167321,101.503717,100.653772,0.653772,-0.027673,3.485414,"hot_cooling",15
2026-05-25,"team","LEC","Natus Vincere","rating_defense_global",105.951264,109.850961,110.139819,99.737735,-0.262265,0.056333,3.16881,"balanced",15
2026-05-25,"team","LEC","Natus Vincere","rating_defense_league",98.402684,99.724434,99.244076,100.484017,0.484017,0.100527,2.24396,"balanced",15
2026-05-25,"team","LEC","Natus Vincere","snowball_index_league",98.906313,100.794309,101.391665,99.410843,-0.589157,-0.056249,1.236662,"cold_deteriorating",15
2025-05-12,"team","LEC","Rogue","aggression_ahead_league",100.042294,98.978087,98.15001,100.843685,0.843685,-0.042443,1.901108,"hot_cooling",45
2025-05-12,"team","LEC","Rogue","aggression_behind_league",97.104632,96.797022,96.699262,100.101097,0.101097,0.126739,2.324165,"balanced",45
2025-05-12,"team","LEC","Rogue","combined_kills_per_minute",0.818125,0.859956,0.807326,106.519054,6.519054,0.269698,37.54427,"hot_accelerating",45
2025-05-12,"team","LEC","Rogue","deaths_per_minute",0.51015,0.527345,0.490967,107.409501,7.409501,-0.841164,35.571458,"hot_cooling",45
2025-05-12,"team","LEC","Rogue","game_length_minutes",34.083333,32.849789,33.59587,97.779249,-2.220751,-0.46713,17.056029,"cold_deteriorating",45
2025-05-12,"team","LEC","Rogue","kills_per_minute",0.307975,0.33261,0.316358,105.137139,5.137139,1.993683,72.712294,"hot_accelerating",45
2025-05-12,"team","LEC","Rogue","rating_attack_global",86.468342,85.575435,87.319853,98.002267,-1.997733,-0.260668,4.418723,"cold_deteriorating",45
2025-05-12,"team","LEC","Rogue","rating_attack_league",89.63578,89.07801,89.496565,99.532323,-0.467677,-0.047553,5.04008,"balanced",45
2025-05-12,"team","LEC","Rogue","rating_defense_global",99.621804,101.492479,101.692756,99.803057,-0.196943,0.012346,1.371509,"balanced",45
2025-05-12,"team","LEC","Rogue","rating_defense_league",94.179391,95.390973,97.164957,98.174255,-1.825745,-0.180107,1.375652,"cold_deteriorating",45
2025-05-12,"team","LEC","Rogue","snowball_index_league",94.506616,95.879753,96.288757,99.575232,-0.424768,0.103113,2.332159,"balanced",45
2026-05-04,"team","LEC","Shifters","aggression_ahead_league",104.25726,103.140894,102.084722,101.034604,1.034604,0.063509,1.569491,"hot_accelerating",10
2026-05-04,"team","LEC","Shifters","aggression_behind_league",104.389843,104.169504,102.955612,101.179044,1.179044,0.190472,1.248243,"hot_accelerating",10
2026-05-04,"team","LEC","Shifters","combined_kills_per_minute",1.017273,0.929477,0.884323,105.106004,5.106004,0.021103,14.218931,"hot_accelerating",10
2026-05-04,"team","LEC","Shifters","deaths_per_minute",0.589802,0.48732,0.463522,105.134227,5.134227,0.587643,40.026385,"hot_accelerating",10
2026-05-04,"team","LEC","Shifters","game_length_minutes",33.972222,34.80932,35.145128,99.044509,-0.955491,-0.216444,11.300164,"cold_deteriorating",10
2026-05-04,"team","LEC","Shifters","kills_per_minute",0.427472,0.442157,0.420801,105.074915,5.074915,-0.602952,43.113544,"hot_cooling",10
2026-05-04,"team","LEC","Shifters","rating_attack_global",89.119293,87.874748,88.22321,99.605022,-0.394978,-0.252168,2.884774,"cold_deteriorating",10
2026-05-04,"team","LEC","Shifters","rating_attack_league",98.101007,97.387257,99.151566,98.220594,-1.779406,-0.310495,2.54815,"cold_deteriorating",10
2026-05-04,"team","LEC","Shifters","rating_defense_global",98.639702,100.070257,105.312376,95.022315,-4.977685,-0.582003,2.852268,"cold_deteriorating",10
2026-05-04,"team","LEC","Shifters","rating_defense_league",87.785703,88.477245,92.586205,95.562017,-4.437983,-0.647848,3.221006,"cold_deteriorating",10
2026-05-04,"team","LEC","Shifters","snowball_index_league",96.578399,97.228318,97.573777,99.64595,-0.35405,0.034934,1.577694,"balanced",10
2026-04-27,"team","LEC","SK Gaming","aggression_ahead_league",103.469169,103.815965,102.904758,100.885486,0.885486,0.102225,2.115609,"hot_accelerating",77
2026-04-27,"team","LEC","SK Gaming","aggression_behind_league",108.49795,105.684765,104.040889,101.580029,1.580029,0.148754,1.764743,"hot_accelerating",77
2026-04-27,"team","LEC","SK Gaming","combined_kills_per_minute",0.943992,0.954912,0.899421,106.16969,6.16969,0.166034,28.115121,"hot_accelerating",77
2026-04-27,"team","LEC","SK Gaming","deaths_per_minute",0.570039,0.610269,0.557535,109.458436,9.458436,1.318829,40.477639,"hot_accelerating",77
2026-04-27,"team","LEC","SK Gaming","game_length_minutes",30.183333,32.468315,33.525596,96.846346,-3.153654,0.493076,18.057197,"cold_recovering",77
2026-04-27,"team","LEC","SK Gaming","kills_per_minute",0.373953,0.344643,0.341886,100.806521,0.806521,-1.713902,61.429522,"hot_cooling",77
2026-04-27,"team","LEC","SK Gaming","rating_attack_global",85.148813,86.441054,87.121971,99.218433,-0.781567,-0.058541,0.964267,"cold_deteriorating",77
2026-04-27,"team","LEC","SK Gaming","rating_attack_league",94.754977,96.359523,96.068659,100.302766,0.302766,0.035606,2.096647,"balanced",77
2026-04-27,"team","LEC","SK Gaming","rating_defense_global",93.353118,97.542187,99.233005,98.296113,-1.703887,-0.209259,3.105381,"cold_deteriorating",77
2026-04-27,"team","LEC","SK Gaming","rating_defense_league",81.12004,85.118617,87.64497,97.117515,-2.882485,-0.279797,3.321988,"cold_deteriorating",77
2026-04-27,"team","LEC","SK Gaming","snowball_index_league",93.984776,95.544777,97.191203,98.305993,-1.694007,-0.250352,1.465819,"cold_deteriorating",77
2025-09-01,"team","LEC","Team BDS","aggression_ahead_league",103.213945,103.007372,101.866399,101.120068,1.120068,0.032672,0.943594,"hot_accelerating",73
2025-09-01,"team","LEC","Team BDS","aggression_behind_league",98.30311,98.850146,98.622155,100.231176,0.231176,0.056169,0.911797,"balanced",73
2025-09-01,"team","LEC","Team BDS","combined_kills_per_minute",1.011438,0.85904,0.820737,104.666868,4.666868,0.037995,30.431293,"hot_accelerating",73
2025-09-01,"team","LEC","Team BDS","deaths_per_minute",0.693025,0.556643,0.470326,118.352717,18.352717,0.924962,58.38391,"hot_accelerating",73
2025-09-01,"team","LEC","Team BDS","game_length_minutes",31.611111,33.000384,33.9814,97.113082,-2.886918,-0.380266,14.670739,"cold_deteriorating",73
2025-09-01,"team","LEC","Team BDS","kills_per_minute",0.318412,0.302396,0.350411,86.297575,-13.702425,-1.152503,47.626529,"cold_deteriorating",73
2025-09-01,"team","LEC","Team BDS","rating_attack_global",84.076227,87.484331,91.802492,95.296249,-4.703751,-0.280418,2.954384,"cold_deteriorating",73
2025-09-01,"team","LEC","Team BDS","rating_attack_league",95.347072,98.035175,99.529224,98.498884,-1.501116,-0.099833,2.924571,"cold_deteriorating",73
2025-09-01,"team","LEC","Team BDS","rating_defense_global",108.25897,108.331836,107.535976,100.740087,0.740087,0.015437,2.166349,"hot_accelerating",73
2025-09-01,"team","LEC","Team BDS","rating_defense_league",93.684259,95.608797,98.872093,96.699478,-3.300522,-0.220848,2.33983,"cold_deteriorating",73
2025-09-01,"team","LEC","Team BDS","snowball_index_league",97.370491,96.712424,96.872528,99.834727,-0.165273,0.029087,0.923902,"balanced",73
2026-04-27,"team","LEC","Team Heretics","aggression_ahead_league",99.569247,98.743039,98.508312,100.238281,0.238281,0.071655,1.291148,"balanced",61
2026-04-27,"team","LEC","Team Heretics","aggression_behind_league",93.637948,94.275298,95.384388,98.837242,-1.162758,-0.119347,1.439169,"cold_deteriorating",61
2026-04-27,"team","LEC","Team Heretics","combined_kills_per_minute",0.783688,0.73212,0.732051,100.009499,0.009499,-0.246897,26.393379,"balanced",61
2026-04-27,"team","LEC","Team Heretics","deaths_per_minute",0.552859,0.488243,0.442814,110.259077,10.259077,1.078629,48.149699,"hot_accelerating",61
2026-04-27,"team","LEC","Team Heretics","game_length_minutes",35.2,33.07211,33.176787,99.684486,-0.315514,-0.78849,11.863815,"cold_deteriorating",61
2026-04-27,"team","LEC","Team Heretics","kills_per_minute",0.230829,0.243877,0.289236,84.317639,-15.682361,-2.276245,77.293944,"cold_deteriorating",61
2026-04-27,"team","LEC","Team Heretics","rating_attack_global",74.992764,78.538094,81.543082,96.314846,-3.685154,-0.187789,4.487206,"cold_deteriorating",61
2026-04-27,"team","LEC","Team Heretics","rating_attack_league",81.609324,85.734541,88.672384,96.686857,-3.313143,-0.154037,4.787425,"cold_deteriorating",61
2026-04-27,"team","LEC","Team Heretics","rating_defense_global",102.563637,106.902081,108.212644,98.788901,-1.211099,-0.10204,3.306091,"cold_deteriorating",61
2026-04-27,"team","LEC","Team Heretics","rating_defense_league",90.999762,95.375421,97.264517,98.057774,-1.942226,-0.117546,3.491845,"cold_deteriorating",61
2026-04-27,"team","LEC","Team Heretics","snowball_index_league",92.086691,93.140236,95.080042,97.959818,-2.040182,-0.307475,2.62452,"cold_deteriorating",61
2026-07-20,"team","LEC","Team Vitality","aggression_ahead_league",102.804585,102.864695,102.828075,100.035612,0.035612,0.043364,2.092964,"balanced",84
2026-07-20,"team","LEC","Team Vitality","aggression_behind_league",97.684846,97.784762,98.791515,98.980932,-1.019068,-0.106985,1.360951,"cold_deteriorating",84
2026-07-20,"team","LEC","Team Vitality","combined_kills_per_minute",0.96043,0.891705,0.851844,104.679423,4.679423,0.857954,22.989504,"hot_accelerating",84
2026-07-20,"team","LEC","Team Vitality","deaths_per_minute",0.690983,0.551776,0.455757,121.067914,21.067914,3.281457,34.935134,"hot_accelerating",84
2026-07-20,"team","LEC","Team Vitality","game_length_minutes",33.308333,35.415006,34.881852,101.528457,1.528457,-0.064118,18.40353,"hot_cooling",84
2026-07-20,"team","LEC","Team Vitality","kills_per_minute",0.269446,0.33993,0.396087,85.822007,-14.177993,-1.930649,69.528525,"cold_deteriorating",84
2026-07-20,"team","LEC","Team Vitality","rating_attack_global",92.970412,94.789364,93.968043,100.874044,0.874044,0.316079,2.749547,"hot_accelerating",84
2026-07-20,"team","LEC","Team Vitality","rating_attack_league",101.001627,103.541838,103.82362,99.728596,-0.271404,0.145785,2.994097,"balanced",84
2026-07-20,"team","LEC","Team Vitality","rating_defense_global",108.20728,110.367944,110.856016,99.559724,-0.440276,-0.044137,3.556836,"balanced",84
2026-07-20,"team","LEC","Team Vitality","rating_defense_league",99.690097,101.906014,101.084149,100.813051,0.813051,0.183338,3.555056,"hot_accelerating",84
2026-07-20,"team","LEC","Team Vitality","snowball_index_league",97.935655,99.739991,100.651115,99.094771,-0.905229,-0.082365,1.205945,"cold_deteriorating",84
2026-07-20,"team","LES","Barça eSports","aggression_ahead_league",104.481665,104.508337,103.335231,101.135243,1.135243,0.242779,2.742283,"hot_accelerating",91
2026-07-20,"team","LES","Barça eSports","aggression_behind_league",100.953049,101.18265,101.196575,99.98624,-0.01376,0.03755,1.936257,"balanced",91
2026-07-20,"team","LES","Barça eSports","combined_kills_per_minute",1.10754,1.117236,1.109104,100.733244,0.733244,0.327384,27.379572,"hot_accelerating",91
2026-07-20,"team","LES","Barça eSports","deaths_per_minute",0.774952,0.645345,0.557241,115.810622,15.810622,2.815958,41.515294,"hot_accelerating",91
2026-07-20,"team","LES","Barça eSports","game_length_minutes",29,31.412242,31.60015,99.405357,-0.594643,0.425425,20.108153,"cold_recovering",91
2026-07-20,"team","LES","Barça eSports","kills_per_minute",0.332588,0.471891,0.551862,85.508907,-14.491093,-2.185446,67.341395,"cold_deteriorating",91
2026-07-20,"team","LES","Barça eSports","rating_attack_global",119.632503,121.259364,118.876412,102.004563,2.004563,0.534651,4.794213,"hot_accelerating",91
2026-07-20,"team","LES","Barça eSports","rating_attack_league",105.516424,107.909395,107.22849,100.635004,0.635004,0.390419,5.100721,"hot_accelerating",91
2026-07-20,"team","LES","Barça eSports","rating_defense_global",85.961841,87.352683,89.288023,97.832475,-2.167525,-0.209413,1.77178,"cold_deteriorating",91
2026-07-20,"team","LES","Barça eSports","rating_defense_league",98.382512,100.339442,101.201057,99.14861,-0.85139,0.02588,4.411562,"cold_recovering",91
2026-07-20,"team","LES","Barça eSports","snowball_index_league",92.612374,95.05854,96.074635,98.942389,-1.057611,0.141843,2.534632,"cold_recovering",91
2023-08-07,"team","LES","BISONS ECLUB","aggression_ahead_league",110.520438,106.345542,104.083894,102.172909,2.172909,0.648679,2.254482,"hot_accelerating",43
2023-08-07,"team","LES","BISONS ECLUB","aggression_behind_league",105.087592,104.681449,104.752628,99.93205,-0.06795,-0.158894,1.251424,"balanced",43
2023-08-07,"team","LES","BISONS ECLUB","combined_kills_per_minute",1.296454,1.279175,1.119211,114.292582,14.292582,5.754741,14.847905,"hot_accelerating",43
2023-08-07,"team","LES","BISONS ECLUB","deaths_per_minute",0.779614,0.638173,0.554055,115.182229,15.182229,6.14975,46.464117,"hot_accelerating",43
2023-08-07,"team","LES","BISONS ECLUB","game_length_minutes",30.566667,31.066681,32.198863,96.483784,-3.516216,-0.444016,15.585365,"cold_deteriorating",43
2023-08-07,"team","LES","BISONS ECLUB","kills_per_minute",0.51684,0.641003,0.565156,113.420411,13.420411,5.36749,43.331601,"hot_accelerating",43
2023-08-07,"team","LES","BISONS ECLUB","rating_attack_global",120.565974,115.304051,111.383492,103.519875,3.519875,1.058272,2.135508,"hot_accelerating",43
2023-08-07,"team","LES","BISONS ECLUB","rating_attack_league",115.768696,109.594132,106.325192,103.074473,3.074473,0.981654,3.125682,"hot_accelerating",43
2023-08-07,"team","LES","BISONS ECLUB","rating_defense_global",88.95401,89.23946,90.240429,98.890776,-1.109224,-0.066825,2.091945,"cold_deteriorating",43
2023-08-07,"team","LES","BISONS ECLUB","rating_defense_league",94.048762,94.363841,94.234379,100.137383,0.137383,0.322003,1.869549,"hot_accelerating",43
2023-08-07,"team","LES","BISONS ECLUB","snowball_index_league",105.471379,105.043045,104.164712,100.843216,0.843216,0.193966,0.4568,"hot_accelerating",43
2024-03-25,"team","LES","Case Esports","aggression_ahead_league",99.409014,99.706493,99.892199,99.814093,-0.185907,-0.059515,1.030696,"balanced",15
2024-03-25,"team","LES","Case Esports","aggression_behind_league",98.020889,97.470832,97.964335,99.496242,-0.503758,-0.122154,1.504554,"cold_deteriorating",15
2024-03-25,"team","LES","Case Esports","combined_kills_per_minute",0.836399,0.882191,0.844098,104.512852,4.512852,1.186073,34.964042,"hot_accelerating",15
2024-03-25,"team","LES","Case Esports","deaths_per_minute",0.492129,0.419616,0.373675,112.294315,12.294315,2.041747,67.913905,"hot_accelerating",15
2024-03-25,"team","LES","Case Esports","game_length_minutes",30.956667,30.02671,31.758171,94.547983,-5.452017,-1.457541,10.080304,"cold_deteriorating",15
2024-03-25,"team","LES","Case Esports","kills_per_minute",0.34427,0.462575,0.470423,98.33174,-1.66826,0.506378,44.504565,"cold_recovering",15
2024-03-25,"team","LES","Case Esports","rating_attack_global",122.030455,120.921854,117.844063,102.611749,2.611749,0.449333,1.76024,"hot_accelerating",15
2024-03-25,"team","LES","Case Esports","rating_attack_league",108.833444,107.824997,106.129693,101.597389,1.597389,0.490319,2.452501,"hot_accelerating",15
2024-03-25,"team","LES","Case Esports","rating_defense_global",97.558988,97.289209,96.426742,100.894427,0.894427,0.642947,1.977945,"hot_accelerating",15
2024-03-25,"team","LES","Case Esports","rating_defense_league",113.498565,112.804391,109.875579,102.665571,2.665571,0.806362,1.965667,"hot_accelerating",15
2024-03-25,"team","LES","Case Esports","snowball_index_league",109.865987,107.387164,104.871496,102.398811,2.398811,0.654914,1.011726,"hot_accelerating",15
2026-07-20,"team","LES","Falke Esports","aggression_ahead_league",99.925335,99.665228,99.650452,100.014828,0.014828,-0.015216,0.533343,"balanced",10
2026-07-20,"team","LES","Falke Esports","aggression_behind_league",106.743111,107.306871,105.367758,101.840328,1.840328,0.381576,3.042156,"hot_accelerating",10
2026-07-20,"team","LES","Falke Esports","combined_kills_per_minute",1.1346,1.181272,1.167361,101.191651,1.191651,0.362682,38.426851,"hot_accelerating",10
2026-07-20,"team","LES","Falke Esports","deaths_per_minute",0.70086,0.783972,0.804941,97.395017,-2.604983,0.043958,94.534307,"cold_recovering",10
2026-07-20,"team","LES","Falke Esports","game_length_minutes",31.616667,30.347481,29.274696,103.664547,3.664547,0.796784,25.002527,"hot_accelerating",10
2026-07-20,"team","LES","Falke Esports","kills_per_minute",0.433741,0.3973,0.362421,109.624023,9.624023,1.070574,64.527811,"hot_accelerating",10
2026-07-20,"team","LES","Falke Esports","rating_attack_global",101.341747,102.735206,102.862807,99.87595,-0.12405,0.052603,4.201423,"balanced",10
2026-07-20,"team","LES","Falke Esports","rating_attack_league",86.018786,87.302147,89.972518,97.032015,-2.967985,-0.298372,4.549232,"cold_deteriorating",10
2026-07-20,"team","LES","Falke Esports","rating_defense_global",73.107214,73.713014,78.666154,93.703595,-6.296405,-0.904124,6.136448,"cold_deteriorating",10
2026-07-20,"team","LES","Falke Esports","rating_defense_league",79.419936,80.159835,84.534849,94.824603,-5.175397,-0.76878,6.972531,"cold_deteriorating",10
2026-07-20,"team","LES","Falke Esports","snowball_index_league",98.652269,99.178354,99.741674,99.435221,-0.564779,-0.070453,0.781091,"cold_deteriorating",10
2023-07-31,"team","LES","Finetwork KOI","aggression_ahead_league",91.292775,92.97291,94.863774,98.006758,-1.993242,-0.553947,1.261464,"cold_deteriorating",18
2023-07-31,"team","LES","Finetwork KOI","aggression_behind_league",92.551584,92.413719,93.413989,98.929208,-1.070792,-0.368194,0.91813,"cold_deteriorating",18
2023-07-31,"team","LES","Finetwork KOI","combined_kills_per_minute",0.729338,0.775412,0.735648,105.405214,5.405214,3.726769,21.301448,"hot_accelerating",18
2023-07-31,"team","LES","Finetwork KOI","deaths_per_minute",0.384677,0.402908,0.37329,107.934296,7.934296,8.274986,59.191562,"hot_accelerating",18
2023-07-31,"team","LES","Finetwork KOI","game_length_minutes",36.477778,34.352391,34.791965,98.736567,-1.263433,-1.376733,13.507369,"cold_deteriorating",18
2023-07-31,"team","LES","Finetwork KOI","kills_per_minute",0.344661,0.372504,0.362359,102.799839,2.799839,-0.958651,39.297783,"hot_cooling",18
2023-07-31,"team","LES","Finetwork KOI","rating_attack_global",100.508026,100.885837,100.66639,100.217995,0.217995,-0.078656,0.900101,"balanced",18
2023-07-31,"team","LES","Finetwork KOI","rating_attack_league",91.499525,92.323092,93.92734,98.292033,-1.707967,-0.556057,1.451044,"cold_deteriorating",18
2023-07-31,"team","LES","Finetwork KOI","rating_defense_global",104.524259,104.110869,103.806157,100.293539,0.293539,0.216379,2.428218,"balanced",18
2023-07-31,"team","LES","Finetwork KOI","rating_defense_league",115.872612,114.808542,112.23069,102.296923,2.296923,0.705635,2.254054,"hot_accelerating",18
2023-07-31,"team","LES","Finetwork KOI","snowball_index_league",96.092239,95.373167,95.708094,99.650054,-0.349946,-0.174299,1.615213,"balanced",18
2023-07-17,"team","LES","Fnatic TQ","aggression_ahead_league",108.304453,107.270418,105.1894,101.978354,1.978354,0.426351,1.631423,"hot_accelerating",38
2023-07-17,"team","LES","Fnatic TQ","aggression_behind_league",99.244027,99.675776,100.378402,99.300022,-0.699978,-0.282205,0.921626,"cold_deteriorating",38
2023-07-17,"team","LES","Fnatic TQ","combined_kills_per_minute",1.501565,1.170702,1.023071,114.43018,14.43018,3.62077,45.370679,"hot_accelerating",38
2023-07-17,"team","LES","Fnatic TQ","deaths_per_minute",0.860871,0.616145,0.551032,111.816551,11.816551,0.491193,82.545913,"hot_accelerating",38
2023-07-17,"team","LES","Fnatic TQ","game_length_minutes",31.425,32.840588,32.811452,100.088798,0.088798,0.983432,11.808491,"hot_accelerating",38
2023-07-17,"team","LES","Fnatic TQ","kills_per_minute",0.640694,0.554556,0.472038,117.481192,17.481192,7.274073,47.690483,"hot_accelerating",38
2023-07-17,"team","LES","Fnatic TQ","rating_attack_global",106.743677,104.229789,104.690013,99.560394,-0.439606,-1.08472,4.691321,"cold_deteriorating",38
2023-07-17,"team","LES","Fnatic TQ","rating_attack_league",99.890538,97.555304,99.175538,98.366296,-1.633704,-1.298784,4.313694,"cold_deteriorating",38
2023-07-17,"team","LES","Fnatic TQ","rating_defense_global",86.095116,85.717493,89.091432,96.212948,-3.787052,-1.148389,1.936561,"cold_deteriorating",38
2023-07-17,"team","LES","Fnatic TQ","rating_defense_league",90.125846,88.95413,92.140213,96.542136,-3.457864,-1.43417,3.007701,"cold_deteriorating",38
2023-07-17,"team","LES","Fnatic TQ","snowball_index_league",98.601888,97.810767,99.243298,98.556546,-1.443454,-0.832252,2.29309,"cold_deteriorating",38
2022-08-01,"team","LES","G2 Arctic","aggression_ahead_league",101.448916,100.331661,100.22425,100.10717,0.10717,0.054503,1.537929,"balanced",20
2022-08-01,"team","LES","G2 Arctic","aggression_behind_league",104.787539,104.104147,104.150522,99.955473,-0.044527,-0.088067,1.102821,"balanced",20
2022-08-01,"team","LES","G2 Arctic","combined_kills_per_minute",0.595594,0.816219,0.849274,96.107922,-3.892078,3.68288,39.536576,"cold_recovering",20
2022-08-01,"team","LES","G2 Arctic","deaths_per_minute",0.388744,0.420973,0.427269,98.526596,-1.473404,4.046714,53.523792,"cold_recovering",20
2022-08-01,"team","LES","G2 Arctic","game_length_minutes",33.92,35.735866,34.81441,102.646766,2.646766,0.441839,19.48236,"hot_accelerating",20
2022-08-01,"team","LES","G2 Arctic","kills_per_minute",0.206851,0.395246,0.422005,93.659079,-6.340921,3.314509,86.345904,"cold_recovering",20
2022-08-01,"team","LES","G2 Arctic","rating_attack_global",109.947483,107.530316,106.698089,100.779983,0.779983,0.262342,2.276617,"hot_accelerating",20
2022-08-01,"team","LES","G2 Arctic","rating_attack_league",107.316067,105.178423,104.0248,101.108988,1.108988,0.165771,2.290344,"hot_accelerating",20
2022-08-01,"team","LES","G2 Arctic","rating_defense_global",95.174824,96.08517,95.320976,100.801707,0.801707,0.019096,2.096655,"hot_accelerating",20
2022-08-01,"team","LES","G2 Arctic","rating_defense_league",98.672871,99.073067,98.12478,100.966409,0.966409,0.216225,2.351031,"hot_accelerating",20
2022-08-01,"team","LES","G2 Arctic","snowball_index_league",98.270392,99.712961,101.365706,98.369523,-1.630477,-0.730126,2.281626,"cold_deteriorating",20
2023-07-31,"team","LES","Giants","aggression_ahead_league",95.071416,96.288613,97.151581,99.111731,-0.888269,0.18822,1.24702,"cold_recovering",38
2023-07-31,"team","LES","Giants","aggression_behind_league",93.53379,94.419561,95.477878,98.891558,-1.108442,-0.368474,1.398367,"cold_deteriorating",38
2023-07-31,"team","LES","Giants","combined_kills_per_minute",0.576855,0.703394,0.749636,93.831364,-6.168636,0.857842,33.459618,"cold_recovering",38
2023-07-31,"team","LES","Giants","deaths_per_minute",0.300444,0.316815,0.337119,93.977081,-6.022919,0.214264,41.577292,"cold_recovering",38
2023-07-31,"team","LES","Giants","game_length_minutes",34.45,31.724567,31.21801,101.622644,1.622644,0.186212,13.685347,"hot_accelerating",38
2023-07-31,"team","LES","Giants","kills_per_minute",0.276411,0.386579,0.412517,93.71228,-6.28772,1.383791,73.649837,"cold_recovering",38
2023-07-31,"team","LES","Giants","rating_attack_global",109.392822,108.621636,106.514314,101.97844,1.97844,0.793447,2.787069,"hot_accelerating",38
2023-07-31,"team","LES","Giants","rating_attack_league",100.210988,100.47102,100.057073,100.41371,0.41371,0.448362,2.404666,"hot_accelerating",38
2023-07-31,"team","LES","Giants","rating_defense_global",105.503598,104.092602,102.990859,101.069748,1.069748,0.154152,1.769963,"hot_accelerating",38
2023-07-31,"team","LES","Giants","rating_defense_league",118.382068,115.165065,111.505802,103.28168,3.28168,0.68633,1.92062,"hot_accelerating",38
2023-07-31,"team","LES","Giants","snowball_index_league",102.132188,102.05137,102.220392,99.834649,-0.165351,-0.045916,1.451753,"balanced",38
2026-07-20,"team","LES","GIANTX iTero","aggression_ahead_league",99.652316,99.300741,99.393976,99.906197,-0.093803,0.009386,2.267166,"balanced",52
2026-07-20,"team","LES","GIANTX iTero","aggression_behind_league",100.506347,99.636164,98.996072,100.646582,0.646582,-0.009763,1.348114,"hot_cooling",52
2026-07-20,"team","LES","GIANTX iTero","combined_kills_per_minute",1.037197,1.060876,1.028409,103.157052,3.157052,1.012373,26.92667,"hot_accelerating",52
2026-07-20,"team","LES","GIANTX iTero","deaths_per_minute",0.744688,0.545289,0.49581,109.979548,9.979548,0.44963,103.75762,"hot_accelerating",52
2026-07-20,"team","LES","GIANTX iTero","game_length_minutes",33.570833,31.967645,31.626962,101.077192,1.077192,0.273741,12.184499,"hot_accelerating",52
2026-07-20,"team","LES","GIANTX iTero","kills_per_minute",0.292508,0.515587,0.532599,96.805825,-3.194175,1.536245,78.795788,"cold_recovering",52
2026-07-20,"team","LES","GIANTX iTero","rating_attack_global",117.450425,114.626742,114.831252,99.821904,-0.178096,-0.083261,2.813785,"balanced",52
2026-07-20,"team","LES","GIANTX iTero","rating_attack_league",102.467132,99.943313,102.449837,97.553414,-2.446586,-0.451613,4.245177,"cold_deteriorating",52
2026-07-20,"team","LES","GIANTX iTero","rating_defense_global",88.463552,88.194144,92.241802,95.611904,-4.388096,-0.605327,3.492518,"cold_deteriorating",52
2026-07-20,"team","LES","GIANTX iTero","rating_defense_league",102.295896,101.472951,104.919593,96.714969,-3.285031,-0.46887,4.367689,"cold_deteriorating",52
2026-07-20,"team","LES","GIANTX iTero","snowball_index_league",101.875036,100.106931,100.014559,100.092358,0.092358,-0.087666,2.20466,"balanced",52
2025-09-08,"team","LES","Guasones","aggression_ahead_league",97.943542,98.226226,99.185274,99.033074,-0.966926,-0.105459,1.650134,"cold_deteriorating",52
2025-09-08,"team","LES","Guasones","aggression_behind_league",98.724154,99.012803,100.414992,98.603606,-1.396394,-0.071173,1.120408,"cold_deteriorating",52
2025-09-08,"team","LES","Guasones","combined_kills_per_minute",1.096151,0.974777,0.935237,104.227817,4.227817,-0.291649,21.485874,"hot_cooling",52
2025-09-08,"team","LES","Guasones","deaths_per_minute",0.312381,0.449994,0.530718,84.789561,-15.210439,-0.90609,38.367742,"cold_deteriorating",52
2025-09-08,"team","LES","Guasones","game_length_minutes",28.505556,30.22643,30.4274,99.339508,-0.660492,0.217668,18.726199,"cold_recovering",52
2025-09-08,"team","LES","Guasones","kills_per_minute",0.783769,0.524783,0.404518,129.73037,29.73037,0.514483,41.691318,"hot_accelerating",52
2025-09-08,"team","LES","Guasones","rating_attack_global",94.672432,93.350587,97.458941,95.784528,-4.215472,-0.399582,3.342206,"cold_deteriorating",52
2025-09-08,"team","LES","Guasones","rating_attack_league",88.549033,86.507119,89.972328,96.148583,-3.851417,-0.427422,3.856333,"cold_deteriorating",52
2025-09-08,"team","LES","Guasones","rating_defense_global",89.897927,87.35336,86.984213,100.424384,0.424384,-0.101509,3.441291,"balanced",52
2025-09-08,"team","LES","Guasones","rating_defense_league",93.656105,91.094984,91.226551,99.85578,-0.14422,-0.126458,3.620189,"balanced",52
2025-09-08,"team","LES","Guasones","snowball_index_league",101.237244,98.766278,96.906446,101.919203,1.919203,0.166168,2.344471,"hot_accelerating",52
2022-08-08,"team","LES","KOI","aggression_ahead_league",94.482258,95.263366,97.408999,97.797295,-2.202705,-0.537246,1.223923,"cold_deteriorating",22
2022-08-08,"team","LES","KOI","aggression_behind_league",88.639234,91.00332,94.154641,96.653037,-3.346963,-1.02856,1.796659,"cold_deteriorating",22
2022-08-08,"team","LES","KOI","combined_kills_per_minute",0.784059,0.675586,0.683313,98.869216,-1.130784,-0.55339,35.270138,"cold_deteriorating",22
2022-08-08,"team","LES","KOI","deaths_per_minute",0.48303,0.337922,0.315034,107.265331,7.265331,-0.677805,75.178884,"hot_cooling",22
2022-08-08,"team","LES","KOI","game_length_minutes",36.104167,36.126326,34.567464,104.509624,4.509624,2.349378,24.009647,"hot_accelerating",22
2022-08-08,"team","LES","KOI","kills_per_minute",0.301029,0.337664,0.368279,91.686987,-8.313013,-0.446963,80.702543,"cold_deteriorating",22
2022-08-08,"team","LES","KOI","rating_attack_global",97.284876,97.694128,99.703644,97.984511,-2.015489,-0.060655,1.807855,"cold_deteriorating",22
2022-08-08,"team","LES","KOI","rating_attack_league",93.635927,93.715601,95.982992,97.637716,-2.362284,-0.367676,2.303987,"cold_deteriorating",22
2022-08-08,"team","LES","KOI","rating_defense_global",113.053073,108.576008,103.724118,104.677687,4.677687,1.22084,1.809507,"hot_accelerating",22
2022-08-08,"team","LES","KOI","rating_defense_league",120.132763,114.815821,108.826967,105.503098,5.503098,1.817915,1.485793,"hot_accelerating",22
2022-08-08,"team","LES","KOI","snowball_index_league",101.195816,102.158682,102.577852,99.591364,-0.408636,0.065532,1.171171,"balanced",22
2026-07-20,"team","LES","LUA Gaming","aggression_ahead_league",99.129413,100.468781,101.087021,99.388409,-0.611591,-0.082587,1.379106,"cold_deteriorating",35
2026-07-20,"team","LES","LUA Gaming","aggression_behind_league",97.891118,97.553272,98.675149,98.863059,-1.136941,-0.165517,2.393365,"cold_deteriorating",35
2026-07-20,"team","LES","LUA Gaming","combined_kills_per_minute",1.358241,1.113656,1.035579,107.539413,7.539413,0.353443,48.160002,"hot_accelerating",35
2026-07-20,"team","LES","LUA Gaming","deaths_per_minute",0.701765,0.558987,0.562367,99.399087,-0.600913,-2.182006,46.558538,"cold_deteriorating",35
2026-07-20,"team","LES","LUA Gaming","game_length_minutes",30,30.150011,29.960416,100.632821,0.632821,0.377179,15.443995,"hot_accelerating",35
2026-07-20,"team","LES","LUA Gaming","kills_per_minute",0.656476,0.554668,0.473213,117.213393,17.213393,3.366576,122.01196,"hot_accelerating",35
2026-07-20,"team","LES","LUA Gaming","rating_attack_global",111.784064,110.052205,109.369799,100.623944,0.623944,0.004027,4.369499,"hot_accelerating",35
2026-07-20,"team","LES","LUA Gaming","rating_attack_league",96.882063,94.152759,95.363104,98.730803,-1.269197,-0.308696,5.234417,"cold_deteriorating",35
2026-07-20,"team","LES","LUA Gaming","rating_defense_global",88.264639,85.190636,85.884657,99.191915,-0.808085,-0.271943,3.933787,"cold_deteriorating",35
2026-07-20,"team","LES","LUA Gaming","rating_defense_league",100.955821,96.858264,95.496471,101.426014,1.426014,0.08744,4.389199,"hot_accelerating",35
2026-07-20,"team","LES","LUA Gaming","snowball_index_league",101.442166,100.176402,99.48592,100.69405,0.69405,0.112,0.642642,"hot_accelerating",35
2022-09-19,"team","LES","MAD Lions Madrid","aggression_ahead_league",100.54618,100.475523,100.055378,100.419913,0.419913,0.085823,1.145459,"balanced",20
2022-09-19,"team","LES","MAD Lions Madrid","aggression_behind_league",100.140057,98.945854,98.76032,100.187863,0.187863,0.033829,1.141762,"balanced",20
2022-09-19,"team","LES","MAD Lions Madrid","combined_kills_per_minute",0.563657,0.728907,0.781671,93.249859,-6.750141,0.466973,33.0402,"cold_recovering",20
2022-09-19,"team","LES","MAD Lions Madrid","deaths_per_minute",0.486233,0.499499,0.474748,105.21335,5.21335,2.134603,30.71714,"hot_accelerating",20
2022-09-19,"team","LES","MAD Lions Madrid","game_length_minutes",32.094444,31.349845,32.226731,97.279008,-2.720992,-0.511562,14.995917,"cold_deteriorating",20
2022-09-19,"team","LES","MAD Lions Madrid","kills_per_minute",0.077423,0.229408,0.306922,74.744694,-25.255306,-2.112522,104.164688,"cold_deteriorating",20
2022-09-19,"team","LES","MAD Lions Madrid","rating_attack_global",97.176759,98.301213,99.089589,99.204381,-0.795619,0.006167,2.733305,"cold_recovering",20
2022-09-19,"team","LES","MAD Lions Madrid","rating_attack_league",94.292799,95.352658,95.459557,99.888016,-0.111984,-0.045054,3.348567,"balanced",20
2022-09-19,"team","LES","MAD Lions Madrid","rating_defense_global",92.891793,94.812649,95.129859,99.66655,-0.33345,-0.246806,1.823466,"balanced",20
2022-09-19,"team","LES","MAD Lions Madrid","rating_defense_league",93.610605,96.364805,97.340138,98.998015,-1.001985,-0.217723,2.046398,"cold_deteriorating",20
2022-09-19,"team","LES","MAD Lions Madrid","snowball_index_league",97.245456,96.596178,96.241203,100.368839,0.368839,0.057593,1.170145,"balanced",20
2024-07-15,"team","LES","Movistar KOI","aggression_ahead_league",99.602705,100.91804,103.370759,97.627261,-2.372739,-0.553643,0.798086,"cold_deteriorating",60
2024-07-15,"team","LES","Movistar KOI","aggression_behind_league",102.580235,102.337367,102.293951,100.042442,0.042442,0.125372,0.590142,"balanced",60
2024-07-15,"team","LES","Movistar KOI","combined_kills_per_minute",0.705687,0.783113,0.858091,91.262283,-8.737717,-2.054982,13.207257,"cold_deteriorating",60
2024-07-15,"team","LES","Movistar KOI","deaths_per_minute",0.360372,0.383175,0.420937,91.028873,-8.971127,-0.840667,72.151037,"cold_deteriorating",60
2024-07-15,"team","LES","Movistar KOI","game_length_minutes",32.009524,31.77233,31.463226,100.982432,0.982432,0.82339,10.354352,"hot_accelerating",60
2024-07-15,"team","LES","Movistar KOI","kills_per_minute",0.345315,0.399939,0.437153,91.487035,-8.512965,-3.224253,59.217424,"cold_deteriorating",60
2024-07-15,"team","LES","Movistar KOI","rating_attack_global",109.071966,110.191221,114.996209,95.821611,-4.178389,-1.01559,1.695749,"cold_deteriorating",60
2024-07-15,"team","LES","Movistar KOI","rating_attack_league",103.604815,103.935791,106.711444,97.398918,-2.601082,-0.206064,1.885651,"cold_deteriorating",60
2024-07-15,"team","LES","Movistar KOI","rating_defense_global",95.026714,93.403235,90.937652,102.711289,2.711289,1.176354,1.498309,"hot_accelerating",60
2024-07-15,"team","LES","Movistar KOI","rating_defense_league",100.419844,99.186577,98.27111,100.931573,0.931573,0.474247,2.106677,"hot_accelerating",60
2024-07-15,"team","LES","Movistar KOI","snowball_index_league",100.834258,101.374416,101.998552,99.388093,-0.611907,0.172473,1.097765,"cold_recovering",60
2026-07-20,"team","LES","Movistar KOI Fénix","aggression_ahead_league",104.508066,104.407959,104.073167,100.321688,0.321688,-0.140255,2.750489,"balanced",28
2026-07-20,"team","LES","Movistar KOI Fénix","aggression_behind_league",101.207046,99.765698,98.969016,100.804982,0.804982,0.029255,1.159485,"hot_accelerating",28
2026-07-20,"team","LES","Movistar KOI Fénix","combined_kills_per_minute",1.38533,1.229591,1.109832,110.790717,10.790717,0.048793,26.595418,"hot_accelerating",28
2026-07-20,"team","LES","Movistar KOI Fénix","deaths_per_minute",0.424224,0.477237,0.451995,105.584578,5.584578,2.00849,47.843897,"hot_accelerating",28
2026-07-20,"team","LES","Movistar KOI Fénix","game_length_minutes",30.229167,32.093469,31.508861,101.855375,1.855375,1.274304,13.033262,"hot_accelerating",28
2026-07-20,"team","LES","Movistar KOI Fénix","kills_per_minute",0.961106,0.752354,0.657837,114.367817,14.367817,-1.297701,82.832299,"hot_cooling",28
2026-07-20,"team","LES","Movistar KOI Fénix","rating_attack_global",125.278232,125.154893,122.969614,101.777089,1.777089,0.0599,5.088801,"hot_accelerating",28
2026-07-20,"team","LES","Movistar KOI Fénix","rating_attack_league",112.566461,112.752345,111.983443,100.686621,0.686621,-0.227523,5.227936,"hot_cooling",28
2026-07-20,"team","LES","Movistar KOI Fénix","rating_defense_global",90.337809,91.974142,93.593396,98.269906,-1.730094,-0.212358,2.16837,"cold_deteriorating",28
2026-07-20,"team","LES","Movistar KOI Fénix","rating_defense_league",104.492062,106.88173,107.669319,99.268511,-0.731489,-0.05311,3.77997,"cold_deteriorating",28
2026-07-20,"team","LES","Movistar KOI Fénix","snowball_index_league",100.921935,100.529454,101.047834,99.486995,-0.513005,-0.139532,1.830644,"cold_deteriorating",28
2025-09-08,"team","LES","Nocturne Gale","aggression_ahead_league",100.282211,100.112884,100.043417,100.069437,0.069437,,0,"insufficient",2
2025-09-08,"team","LES","Nocturne Gale","aggression_behind_league",99.320256,99.728102,99.895424,99.832503,-0.167497,,0,"insufficient",2
2025-09-08,"team","LES","Nocturne Gale","combined_kills_per_minute",1.052044,0.961099,0.923789,104.038867,4.038867,,0,"insufficient",2
2025-09-08,"team","LES","Nocturne Gale","deaths_per_minute",0.596086,0.566886,0.554907,102.15885,2.15885,,0,"insufficient",2
2025-09-08,"team","LES","Nocturne Gale","game_length_minutes",32.491667,32.771667,32.886538,99.650703,-0.349297,,0,"insufficient",2
2025-09-08,"team","LES","Nocturne Gale","kills_per_minute",0.455957,0.394213,0.368882,106.866962,6.866962,,0,"insufficient",2
2025-09-08,"team","LES","Nocturne Gale","rating_attack_global",102.633745,104.126383,104.738747,99.415341,-0.584659,,0,"insufficient",2
2025-09-08,"team","LES","Nocturne Gale","rating_attack_league",97.443543,98.977417,99.606699,99.368233,-0.631767,,0,"insufficient",2
2025-09-08,"team","LES","Nocturne Gale","rating_defense_global",93.700486,94.544781,94.891158,99.634974,-0.365026,,0,"insufficient",2
2025-09-08,"team","LES","Nocturne Gale","rating_defense_league",98.212336,99.284934,99.724975,99.558746,-0.441254,,0,"insufficient",2
2025-09-08,"team","LES","Nocturne Gale","snowball_index_league",101.973883,100.789553,100.303674,100.484408,0.484408,,0,"insufficient",2
2025-09-08,"team","LES","Oxygen Gaming","aggression_ahead_league",100,100,100,100,0,,,"insufficient",1
2025-09-08,"team","LES","Oxygen Gaming","aggression_behind_league",100.04927,100.04927,100.04927,100,0,,,"insufficient",1
2025-09-08,"team","LES","Oxygen Gaming","combined_kills_per_minute",1.007937,1.007937,1.007937,100,0,,,"insufficient",1
2025-09-08,"team","LES","Oxygen Gaming","deaths_per_minute",0.599533,0.599533,0.599533,100,0,,,"insufficient",1
2025-09-08,"team","LES","Oxygen Gaming","game_length_minutes",36.477778,36.477778,36.477778,100,0,,,"insufficient",1
2025-09-08,"team","LES","Oxygen Gaming","kills_per_minute",0.408403,0.408403,0.408403,100,0,,,"insufficient",1
2025-09-08,"team","LES","Oxygen Gaming","rating_attack_global",104.811808,104.811808,104.811808,100,0,,,"insufficient",1
2025-09-08,"team","LES","Oxygen Gaming","rating_attack_league",99.922867,99.922867,99.922867,100,0,,,"insufficient",1
2025-09-08,"team","LES","Oxygen Gaming","rating_defense_global",95.176599,95.176599,95.176599,100,0,,,"insufficient",1
2025-09-08,"team","LES","Oxygen Gaming","rating_defense_league",99.824784,99.824784,99.824784,100,0,,,"insufficient",1
2025-09-08,"team","LES","Oxygen Gaming","snowball_index_league",99.947855,99.947855,99.947855,100,0,,,"insufficient",1
2025-08-11,"team","LES","Ramboot Club","aggression_ahead_league",100.572005,101.817749,102.064907,99.757843,-0.242157,-0.03852,1.010949,"balanced",36
2025-08-11,"team","LES","Ramboot Club","aggression_behind_league",101.864513,101.451328,100.709552,100.736549,0.736549,0.132139,0.772815,"hot_accelerating",36
2025-08-11,"team","LES","Ramboot Club","combined_kills_per_minute",1.288891,1.094309,1.029006,106.3462,6.3462,0.188036,21.687006,"hot_accelerating",36
2025-08-11,"team","LES","Ramboot Club","deaths_per_minute",0.909061,0.636852,0.551819,115.409546,15.409546,-0.456359,47.331985,"hot_cooling",36
2025-08-11,"team","LES","Ramboot Club","game_length_minutes",30.266667,31.928409,32.086536,99.507186,-0.492814,-0.042342,9.199336,"balanced",36
2025-08-11,"team","LES","Ramboot Club","kills_per_minute",0.37983,0.457457,0.477187,95.865353,-4.134647,0.933214,34.221906,"cold_recovering",36
2025-08-11,"team","LES","Ramboot Club","rating_attack_global",111.353552,110.693556,110.497255,100.177652,0.177652,-0.000178,1.735859,"balanced",36
2025-08-11,"team","LES","Ramboot Club","rating_attack_league",103.668141,103.639227,103.537944,100.097823,0.097823,0.049949,1.888945,"balanced",36
2025-08-11,"team","LES","Ramboot Club","rating_defense_global",92.61545,92.210051,92.669388,99.504327,-0.495673,-0.017626,1.484033,"balanced",36
2025-08-11,"team","LES","Ramboot Club","rating_defense_league",100.26573,99.033043,99.638759,99.392088,-0.607912,-0.087896,1.720874,"cold_deteriorating",36
2025-08-11,"team","LES","Ramboot Club","snowball_index_league",100.200988,100.006622,100.66035,99.35056,-0.64944,-0.16775,1.420839,"cold_deteriorating",36
2024-07-15,"team","LES","Rebels Gaming","aggression_ahead_league",101.86453,100.952576,99.690848,101.265642,1.265642,0.323145,0.749533,"hot_accelerating",36
2024-07-15,"team","LES","Rebels Gaming","aggression_behind_league",94.978136,95.149562,97.007397,98.084852,-1.915148,-0.719701,0.961032,"cold_deteriorating",36
2024-07-15,"team","LES","Rebels Gaming","combined_kills_per_minute",0.956615,0.893847,0.866128,103.200311,3.200311,1.363137,12.659544,"hot_accelerating",36
2024-07-15,"team","LES","Rebels Gaming","deaths_per_minute",0.729736,0.654986,0.58443,112.072763,12.072763,4.362953,22.320963,"hot_accelerating",36
2024-07-15,"team","LES","Rebels Gaming","game_length_minutes",30.775,31.783503,32.229546,98.616042,-1.383958,-0.657793,12.698342,"cold_deteriorating",36
2024-07-15,"team","LES","Rebels Gaming","kills_per_minute",0.226878,0.23886,0.281698,84.792948,-15.207052,-4.860476,63.456579,"cold_deteriorating",36
2024-07-15,"team","LES","Rebels Gaming","rating_attack_global",88.614692,91.341102,97.74887,93.444663,-6.555337,-2.439084,0.929816,"cold_deteriorating",36
2024-07-15,"team","LES","Rebels Gaming","rating_attack_league",81.528422,83.328078,88.034829,94.653536,-5.346464,-1.843687,0.863166,"cold_deteriorating",36
2024-07-15,"team","LES","Rebels Gaming","rating_defense_global",85.20335,86.2034,87.125,98.942209,-1.057791,-0.00323,1.497943,"cold_deteriorating",36
2024-07-15,"team","LES","Rebels Gaming","rating_defense_league",87.49771,89.949898,93.291804,96.417793,-3.582207,-1.010026,1.414025,"cold_deteriorating",36
2024-07-15,"team","LES","Rebels Gaming","snowball_index_league",93.177271,93.99265,96.338478,97.565014,-2.434986,-0.839042,0.969996,"cold_deteriorating",36
2024-09-02,"team","LES","Stormbringers","aggression_ahead_league",100,100,100,100,0,,,"insufficient",1
2024-09-02,"team","LES","Stormbringers","aggression_behind_league",100.001597,100.001597,100.001597,100,0,,,"insufficient",1
2024-09-02,"team","LES","Stormbringers","combined_kills_per_minute",1.229419,1.229419,1.229419,100,0,,,"insufficient",1
2024-09-02,"team","LES","Stormbringers","deaths_per_minute",0.90855,0.90855,0.90855,100,0,,,"insufficient",1
2024-09-02,"team","LES","Stormbringers","game_length_minutes",26.35,26.35,26.35,100,0,,,"insufficient",1
2024-09-02,"team","LES","Stormbringers","kills_per_minute",0.320868,0.320868,0.320868,100,0,,,"insufficient",1
2024-09-02,"team","LES","Stormbringers","rating_attack_global",107.191749,107.191749,107.191749,100,0,,,"insufficient",1
2024-09-02,"team","LES","Stormbringers","rating_attack_league",99.997518,99.997518,99.997518,100,0,,,"insufficient",1
2024-09-02,"team","LES","Stormbringers","rating_defense_global",93.367102,93.367102,93.367102,100,0,,,"insufficient",1
2024-09-02,"team","LES","Stormbringers","rating_defense_league",99.994328,99.994328,99.994328,100,0,,,"insufficient",1
2024-09-02,"team","LES","Stormbringers","snowball_index_league",100,100,100,100,0,,,"insufficient",1
2022-08-15,"team","LES","Team Heretics","aggression_ahead_league",100.122288,100.10511,100.553469,99.554109,-0.445891,-0.041541,0.715911,"balanced",20
2022-08-15,"team","LES","Team Heretics","aggression_behind_league",96.738475,96.512788,96.229784,100.294092,0.294092,0.169672,0.644013,"balanced",20
2022-08-15,"team","LES","Team Heretics","combined_kills_per_minute",0.834436,0.810164,0.788104,102.799051,2.799051,1.570142,25.266682,"hot_accelerating",20
2022-08-15,"team","LES","Team Heretics","deaths_per_minute",0.442117,0.366355,0.342386,107.000504,7.000504,3.432602,65.420117,"hot_accelerating",20
2022-08-15,"team","LES","Team Heretics","game_length_minutes",30.4375,29.587461,30.6315,96.591617,-3.408383,-1.82146,6.39498,"cold_deteriorating",20
2022-08-15,"team","LES","Team Heretics","kills_per_minute",0.392319,0.443809,0.445718,99.571633,-0.428367,0.139461,61.546391,"balanced",20
2022-08-15,"team","LES","Team Heretics","rating_attack_global",108.575508,107.277146,105.612079,101.576587,1.576587,0.951083,2.43633,"hot_accelerating",20
2022-08-15,"team","LES","Team Heretics","rating_attack_league",107.604425,105.563459,103.357278,102.13452,2.13452,0.930793,2.607187,"hot_accelerating",20
2022-08-15,"team","LES","Team Heretics","rating_defense_global",108.115719,106.310963,104.12343,102.100904,2.100904,0.440113,2.180438,"hot_accelerating",20
2022-08-15,"team","LES","Team Heretics","rating_defense_league",113.007357,111.206375,108.767298,102.242473,2.242473,0.770231,2.531403,"hot_accelerating",20
2022-08-15,"team","LES","Team Heretics","snowball_index_league",109.852499,107.685133,104.636122,102.913917,2.913917,0.838545,1.385217,"hot_accelerating",20
2026-07-20,"team","LES","Team Heretics Academy","aggression_ahead_league",91.739941,95.015755,96.635155,98.324212,-1.675788,-0.1624,2.123663,"cold_deteriorating",73
2026-07-20,"team","LES","Team Heretics Academy","aggression_behind_league",96.886082,96.847192,97.092039,99.74782,-0.25218,0.004864,1.119535,"balanced",73
2026-07-20,"team","LES","Team Heretics Academy","combined_kills_per_minute",0.858958,0.890923,0.935655,95.219269,-4.780731,-1.215316,26.338855,"cold_deteriorating",73
2026-07-20,"team","LES","Team Heretics Academy","deaths_per_minute",0.229025,0.304088,0.307333,98.943899,-1.056101,2.149617,40.537055,"cold_recovering",73
2026-07-20,"team","LES","Team Heretics Academy","game_length_minutes",34.4,33.735339,31.629423,106.658092,6.658092,1.603377,18.029904,"hot_accelerating",73
2026-07-20,"team","LES","Team Heretics Academy","kills_per_minute",0.629933,0.586836,0.628321,93.397426,-6.602574,-2.86122,39.849661,"cold_deteriorating",73
2026-07-20,"team","LES","Team Heretics Academy","rating_attack_global",121.030361,125.188028,122.907223,101.855713,1.855713,0.616954,4.232188,"hot_accelerating",73
2026-07-20,"team","LES","Team Heretics Academy","rating_attack_league",105.162413,111.325084,111.178865,100.131517,0.131517,0.464445,4.608351,"hot_accelerating",73
2026-07-20,"team","LES","Team Heretics Academy","rating_defense_global",102.835937,104.117156,103.474314,100.621257,0.621257,0.376138,1.707103,"hot_accelerating",73
2026-07-20,"team","LES","Team Heretics Academy","rating_defense_league",125.377694,126.751913,123.01892,103.034486,3.034486,0.762176,2.842966,"hot_accelerating",73
2026-07-20,"team","LES","Team Heretics Academy","snowball_index_league",101.466615,103.332336,104.871757,98.532092,-1.467908,-0.11004,2.464319,"cold_deteriorating",73
2026-07-20,"team","LES","UB Alma Mater","aggression_ahead_league",100.073205,100.10222,100.20279,99.899634,-0.100366,-0.030621,0.436256,"balanced",10
2026-07-20,"team","LES","UB Alma Mater","aggression_behind_league",103.160251,102.920999,101.459294,101.440681,1.440681,0.164559,1.539252,"hot_accelerating",10
2026-07-20,"team","LES","UB Alma Mater","combined_kills_per_minute",1.147929,1.109567,1.096309,101.209321,1.209321,0.204178,22.004162,"hot_accelerating",10
2026-07-20,"team","LES","UB Alma Mater","deaths_per_minute",0.627118,0.744062,0.753723,98.71813,-1.28187,0.018676,24.163824,"cold_recovering",10
2026-07-20,"team","LES","UB Alma Mater","game_length_minutes",31.95,29.393369,28.340345,103.715635,3.715635,0.328508,21.840875,"hot_accelerating",10
2026-07-20,"team","LES","UB Alma Mater","kills_per_minute",0.520811,0.365506,0.342586,106.690187,6.690187,0.6123,61.665308,"hot_accelerating",10
2026-07-20,"team","LES","UB Alma Mater","rating_attack_global",97.515637,98.877721,100.928735,97.96786,-2.03214,-0.37349,2.731253,"cold_deteriorating",10
2026-07-20,"team","LES","UB Alma Mater","rating_attack_league",82.516389,83.920525,88.239902,95.104961,-4.895039,-0.801199,4.950534,"cold_deteriorating",10
2026-07-20,"team","LES","UB Alma Mater","rating_defense_global",73.945961,75.125597,80.850232,92.919458,-7.080542,-1.010578,4.043671,"cold_deteriorating",10
2026-07-20,"team","LES","UB Alma Mater","rating_defense_league",80.388012,81.772652,87.311094,93.656657,-6.343343,-0.89784,3.237073,"cold_deteriorating",10
2026-07-20,"team","LES","UB Alma Mater","snowball_index_league",99.106989,98.600747,98.923198,99.67404,-0.32596,-0.016818,1.776062,"balanced",10
2026-07-20,"team","LES","UCAM Esports","aggression_ahead_league",98.646082,96.211195,96.162427,100.050714,0.050714,-0.091525,2.24219,"balanced",86
2026-07-20,"team","LES","UCAM Esports","aggression_behind_league",90.974372,93.315002,96.12581,97.075906,-2.924094,-0.566427,1.456506,"cold_deteriorating",86
2026-07-20,"team","LES","UCAM Esports","combined_kills_per_minute",1.10754,0.991969,0.939409,105.595071,5.595071,0.199838,17.883737,"hot_accelerating",86
2026-07-20,"team","LES","UCAM Esports","deaths_per_minute",0.332588,0.328289,0.351494,93.398307,-6.601693,-1.861168,67.663741,"cold_deteriorating",86
2026-07-20,"team","LES","UCAM Esports","game_length_minutes",29,30.678595,30.673053,100.018069,0.018069,0.459591,15.117723,"hot_accelerating",86
2026-07-20,"team","LES","UCAM Esports","kills_per_minute",0.774952,0.66368,0.587915,112.887092,12.887092,1.432042,37.827329,"hot_accelerating",86
2026-07-20,"team","LES","UCAM Esports","rating_attack_global",117.794439,115.930571,114.035979,101.661399,1.661399,0.083222,3.432095,"hot_accelerating",86
2026-07-20,"team","LES","UCAM Esports","rating_attack_league",103.316937,101.102692,100.864999,100.235654,0.235654,-0.229337,4.351307,"balanced",86
2026-07-20,"team","LES","UCAM Esports","rating_defense_global",100.286255,98.472803,96.680145,101.854215,1.854215,0.310144,3.233725,"hot_accelerating",86
2026-07-20,"team","LES","UCAM Esports","rating_defense_league",120.105195,117.60032,112.902776,104.160698,4.160698,0.679488,3.768255,"hot_accelerating",86
2026-07-20,"team","LES","UCAM Esports","snowball_index_league",105.488836,103.700878,102.692147,100.982286,0.982286,-0.002691,2.153046,"hot_cooling",86
2025-08-25,"team","LES","Veni Vidi Vici","aggression_ahead_league",102.188517,102.485417,102.541724,99.945088,-0.054912,0.059474,1.393744,"balanced",21
2025-08-25,"team","LES","Veni Vidi Vici","aggression_behind_league",106.166435,105.136334,103.753699,101.332613,1.332613,0.131295,1.138062,"hot_accelerating",21
2025-08-25,"team","LES","Veni Vidi Vici","combined_kills_per_minute",0.832012,0.984808,1.018869,96.656906,-3.343094,0.497267,18.002196,"cold_recovering",21
2025-08-25,"team","LES","Veni Vidi Vici","deaths_per_minute",0.569057,0.610854,0.565848,107.953798,7.953798,0.539297,48.279272,"hot_accelerating",21
2025-08-25,"team","LES","Veni Vidi Vici","game_length_minutes",32.9125,31.829569,31.534197,100.936671,0.936671,-0.158775,3.981576,"hot_cooling",21
2025-08-25,"team","LES","Veni Vidi Vici","kills_per_minute",0.262955,0.373953,0.453021,82.546481,-17.453519,0.444768,52.5514,"cold_recovering",21
2025-08-25,"team","LES","Veni Vidi Vici","rating_attack_global",108.884839,110.479912,110.742509,99.762876,-0.237124,-0.098599,3.123563,"balanced",21
2025-08-25,"team","LES","Veni Vidi Vici","rating_attack_league",102.188503,103.441787,103.751925,99.701078,-0.298922,-0.06109,3.51246,"balanced",21
2025-08-25,"team","LES","Veni Vidi Vici","rating_defense_global",86.516528,87.719999,89.060116,98.495267,-1.504733,-0.202338,2.584879,"cold_deteriorating",21
2025-08-25,"team","LES","Veni Vidi Vici","rating_defense_league",91.077242,93.137206,94.970957,98.069146,-1.930854,-0.324164,2.214111,"cold_deteriorating",21
2025-08-25,"team","LES","Veni Vidi Vici","snowball_index_league",100.506649,102.179749,102.669289,99.523188,-0.476812,-0.050653,1.004297,"balanced",21
2023-09-18,"team","LES","Wizards","aggression_ahead_league",101.19533,100.474235,100.178401,100.295307,0.295307,,0,"insufficient",2
2023-09-18,"team","LES","Wizards","aggression_behind_league",106.546352,102.662051,101.068491,101.576712,1.576712,,0,"insufficient",2
2023-09-18,"team","LES","Wizards","combined_kills_per_minute",1.049384,1.069039,1.077102,99.25137,-0.74863,,0,"insufficient",2
2023-09-18,"team","LES","Wizards","deaths_per_minute",0.537246,0.644991,0.689195,93.586262,-6.413738,,0,"insufficient",2
2023-09-18,"team","LES","Wizards","game_length_minutes",32.521667,30.403667,29.534744,102.942037,2.942037,,0,"insufficient",2
2023-09-18,"team","LES","Wizards","kills_per_minute",0.512137,0.424047,0.387907,109.316558,9.316558,,0,"insufficient",2
2023-09-18,"team","LES","Wizards","rating_attack_global",108.409962,108.029145,107.872912,100.14483,0.14483,,0,"insufficient",2
2023-09-18,"team","LES","Wizards","rating_attack_league",99.696356,99.874935,99.948198,99.926699,-0.073301,,0,"insufficient",2
2023-09-18,"team","LES","Wizards","rating_defense_global",83.284644,88.90737,91.21413,97.47105,-2.52895,,0,"insufficient",2
2023-09-18,"team","LES","Wizards","rating_defense_league",88.841914,95.454233,98.16698,97.2366,-2.7634,,0,"insufficient",2
2023-09-18,"team","LES","Wizards","snowball_index_league",98.334506,99.333802,99.74377,99.588979,-0.411021,,0,"insufficient",2
2025-07-28,"team","LES","ZETA","aggression_ahead_league",100.472632,100.311211,100.69265,99.621185,-0.378815,-0.057391,0.378721,"balanced",29
2025-07-28,"team","LES","ZETA","aggression_behind_league",102.752905,103.851773,102.888705,100.93603,0.93603,0.064786,3.045578,"hot_accelerating",29
2025-07-28,"team","LES","ZETA","combined_kills_per_minute",0.892164,0.966116,1.003144,96.308806,-3.691194,-0.528483,21.338111,"cold_deteriorating",29
2025-07-28,"team","LES","ZETA","deaths_per_minute",0.617351,0.646463,0.653889,98.864294,-1.135706,-1.12429,30.814085,"cold_deteriorating",29
2025-07-28,"team","LES","ZETA","game_length_minutes",27.688889,29.40922,29.828503,98.594355,-1.405645,0.529602,25.777291,"cold_recovering",29
2025-07-28,"team","LES","ZETA","kills_per_minute",0.274813,0.319653,0.349255,91.524316,-8.475684,0.587013,29.629383,"cold_recovering",29
2025-07-28,"team","LES","ZETA","rating_attack_global",96.451772,98.632107,98.909813,99.719233,-0.280767,0.095214,4.639549,"balanced",29
2025-07-28,"team","LES","ZETA","rating_attack_league",88.901585,90.805093,90.84426,99.956886,-0.043114,0.050602,4.387999,"balanced",29
2025-07-28,"team","LES","ZETA","rating_defense_global",82.528476,82.703094,83.651293,98.866486,-1.133514,-0.126493,5.941298,"cold_deteriorating",29
2025-07-28,"team","LES","ZETA","rating_defense_league",85.60924,86.065439,87.155318,98.749498,-1.250502,-0.00843,7.329743,"cold_deteriorating",29
2025-07-28,"team","LES","ZETA","snowball_index_league",93.747481,95.013561,96.950638,98.001997,-1.998003,-0.190135,1.447591,"cold_deteriorating",29
2024-09-02,"team","LFL","Aegis","aggression_ahead_league",99.683045,97.972803,97.722675,100.255957,0.255957,-0.012025,1.241625,"balanced",39
2024-09-02,"team","LFL","Aegis","aggression_behind_league",99.069713,98.766483,97.668118,101.124589,1.124589,0.21682,1.299909,"hot_accelerating",39
2024-09-02,"team","LFL","Aegis","combined_kills_per_minute",0.939557,0.916415,0.869818,105.35719,5.35719,0.762188,14.290247,"hot_accelerating",39
2024-09-02,"team","LFL","Aegis","deaths_per_minute",0.461883,0.532876,0.525482,101.407158,1.407158,0.94582,31.965617,"hot_accelerating",39
2024-09-02,"team","LFL","Aegis","game_length_minutes",32.27619,31.307115,31.7688,98.546737,-1.453263,0.043443,26.926589,"cold_recovering",39
2024-09-02,"team","LFL","Aegis","kills_per_minute",0.477674,0.383539,0.344336,111.385236,11.385236,0.481951,44.341472,"hot_accelerating",39
2024-09-02,"team","LFL","Aegis","rating_attack_global",101.224155,97.441562,96.498279,100.977512,0.977512,0.041398,2.797324,"hot_accelerating",39
2024-09-02,"team","LFL","Aegis","rating_attack_league",92.537665,89.243499,89.519487,99.691701,-0.308299,-0.108557,2.931003,"balanced",39
2024-09-02,"team","LFL","Aegis","rating_defense_global",88.490754,88.723666,91.643035,96.814413,-3.185587,-0.487822,1.995973,"cold_deteriorating",39
2024-09-02,"team","LFL","Aegis","rating_defense_league",94.5535,94.010099,96.229867,97.693265,-2.306735,-0.404665,2.54664,"cold_deteriorating",39
2024-09-02,"team","LFL","Aegis","snowball_index_league",100.696333,99.844603,99.912897,99.931647,-0.068353,-0.069049,1.222437,"balanced",39
2026-02-16,"team","LFL","BK ROG Esports","aggression_ahead_league",95.636753,95.968871,97.126737,98.807881,-1.192119,-0.024021,1.100841,"cold_deteriorating",63
2026-02-16,"team","LFL","BK ROG Esports","aggression_behind_league",95.686618,96.006489,97.567258,98.400316,-1.599684,-0.093521,0.90306,"cold_deteriorating",63
2026-02-16,"team","LFL","BK ROG Esports","combined_kills_per_minute",0.908165,0.856585,0.822896,104.093938,4.093938,-0.182259,18.810513,"hot_cooling",63
2026-02-16,"team","LFL","BK ROG Esports","deaths_per_minute",0.582776,0.472001,0.422844,111.625153,11.625153,0.107339,46.346684,"hot_accelerating",63
2026-02-16,"team","LFL","BK ROG Esports","game_length_minutes",29.475,31.592438,33.895518,93.205358,-6.794642,-0.354604,18.873842,"cold_deteriorating",63
2026-02-16,"team","LFL","BK ROG Esports","kills_per_minute",0.325389,0.384584,0.400052,96.133635,-3.866365,-0.488357,29.184267,"cold_deteriorating",63
2026-02-16,"team","LFL","BK ROG Esports","rating_attack_global",99.134336,98.472702,97.858158,100.627995,0.627995,0.076273,1.780115,"hot_accelerating",63
2026-02-16,"team","LFL","BK ROG Esports","rating_attack_league",93.987673,94.75165,97.170364,97.510852,-2.489148,-0.100601,2.01035,"cold_deteriorating",63
2026-02-16,"team","LFL","BK ROG Esports","rating_defense_global",101.103536,102.428937,103.880996,98.602191,-1.397809,-0.095772,1.694234,"cold_deteriorating",63
2026-02-16,"team","LFL","BK ROG Esports","rating_defense_league",106.759983,106.677447,104.999908,101.597658,1.597658,0.084088,1.8443,"hot_accelerating",63
2026-02-16,"team","LFL","BK ROG Esports","snowball_index_league",102.035434,101.221865,101.024232,100.19563,0.19563,-0.016606,1.058449,"balanced",63
2026-01-26,"team","LFL","Caldya Esport","aggression_ahead_league",100,100,100,100,0,,0,"insufficient",2
2026-01-26,"team","LFL","Caldya Esport","aggression_behind_league",98.223012,99.289205,99.726617,99.561389,-0.438611,,0,"insufficient",2
2026-01-26,"team","LFL","Caldya Esport","combined_kills_per_minute",0.950749,0.77463,0.702375,110.28713,10.28713,,0,"insufficient",2
2026-01-26,"team","LFL","Caldya Esport","deaths_per_minute",0.668094,0.568784,0.528041,107.7158,7.7158,,0,"insufficient",2
2026-01-26,"team","LFL","Caldya Esport","game_length_minutes",38.916667,31.086667,27.874359,111.524239,11.524239,,0,"insufficient",2
2026-01-26,"team","LFL","Caldya Esport","kills_per_minute",0.282655,0.205846,0.174334,118.075451,18.075451,,0,"insufficient",2
2026-01-26,"team","LFL","Caldya Esport","rating_attack_global",96.854755,97.614137,97.925678,99.681859,-0.318141,,0,"insufficient",2
2026-01-26,"team","LFL","Caldya Esport","rating_attack_league",96.453977,98.581591,99.454458,99.122345,-0.877655,,0,"insufficient",2
2026-01-26,"team","LFL","Caldya Esport","rating_defense_global",99.684677,100.9719,101.499992,99.479713,-0.520287,,0,"insufficient",2
2026-01-26,"team","LFL","Caldya Esport","rating_defense_league",99.419857,99.767943,99.910747,99.857068,-0.142932,,0,"insufficient",2
2026-01-26,"team","LFL","Caldya Esport","snowball_index_league",100,100,100,100,0,,0,"insufficient",2
2026-07-20,"team","LFL","Esprit Shōnen","aggression_ahead_league",100.288427,101.186888,102.424967,98.791233,-1.208767,-0.123829,1.380349,"cold_deteriorating",11
2026-07-20,"team","LFL","Esprit Shōnen","aggression_behind_league",100.978964,99.745913,99.913825,99.831944,-0.168056,-0.095712,1.646588,"balanced",11
2026-07-20,"team","LFL","Esprit Shōnen","combined_kills_per_minute",1.276003,1.087285,1.037805,104.767729,4.767729,0.19726,23.813182,"hot_accelerating",11
2026-07-20,"team","LFL","Esprit Shōnen","deaths_per_minute",0.946699,0.731081,0.609816,119.885501,19.885501,2.042105,36.601534,"hot_accelerating",11
2026-07-20,"team","LFL","Esprit Shōnen","game_length_minutes",30.161111,30.602037,31.573178,96.924159,-3.075841,-0.653654,14.750236,"cold_deteriorating",11
2026-07-20,"team","LFL","Esprit Shōnen","kills_per_minute",0.329304,0.356203,0.427988,83.227276,-16.772724,-2.431356,59.285811,"cold_deteriorating",11
2026-07-20,"team","LFL","Esprit Shōnen","rating_attack_global",104.777768,104.989531,105.61957,99.403482,-0.596518,-0.214313,2.478318,"cold_deteriorating",11
2026-07-20,"team","LFL","Esprit Shōnen","rating_attack_league",93.58459,95.261564,99.607917,95.636538,-4.363462,-0.69061,2.091023,"cold_deteriorating",11
2026-07-20,"team","LFL","Esprit Shōnen","rating_defense_global",84.55408,86.997157,91.332582,95.253145,-4.746855,-0.637026,3.003056,"cold_deteriorating",11
2026-07-20,"team","LFL","Esprit Shōnen","rating_defense_league",92.145342,94.184184,95.960147,98.14927,-1.85073,-0.31189,2.166636,"cold_deteriorating",11
2026-07-20,"team","LFL","Esprit Shōnen","snowball_index_league",96.90413,97.42551,98.561496,98.847435,-1.152565,-0.183598,1.131097,"cold_deteriorating",11
2026-03-02,"team","LFL","French Flair","aggression_ahead_league",101.870956,102.090352,101.381092,100.699597,0.699597,0.387752,1.023457,"hot_accelerating",7
2026-03-02,"team","LFL","French Flair","aggression_behind_league",98.964578,98.990801,99.477872,99.510373,-0.489627,-0.191122,0.700999,"balanced",7
2026-03-02,"team","LFL","French Flair","combined_kills_per_minute",0.939215,0.942572,0.984971,95.695432,-4.304568,-2.079606,5.89224,"cold_deteriorating",7
2026-03-02,"team","LFL","French Flair","deaths_per_minute",0.412848,0.37444,0.269717,138.827168,38.827168,17.359969,55.255512,"hot_accelerating",7
2026-03-02,"team","LFL","French Flair","game_length_minutes",33.409259,32.881115,29.034221,113.24952,13.24952,6.770314,15.917794,"hot_accelerating",7
2026-03-02,"team","LFL","French Flair","kills_per_minute",0.526367,0.568132,0.715254,79.430797,-20.569203,-9.410116,21.962399,"cold_deteriorating",7
2026-03-02,"team","LFL","French Flair","rating_attack_global",119.247564,116.177807,108.515431,107.061094,7.061094,3.140786,3.508304,"hot_accelerating",7
2026-03-02,"team","LFL","French Flair","rating_attack_league",115.371664,113.17471,108.063303,104.730012,4.730012,2.108511,2.5033,"hot_accelerating",7
2026-03-02,"team","LFL","French Flair","rating_defense_global",106.404035,105.245387,104.27962,100.926132,0.926132,0.28415,1.737386,"hot_accelerating",7
2026-03-02,"team","LFL","French Flair","rating_defense_league",115.066486,112.067818,106.993584,104.742559,4.742559,1.919728,1.937912,"hot_accelerating",7
2026-03-02,"team","LFL","French Flair","snowball_index_league",103.886902,104.186117,102.771056,101.376906,1.376906,0.721072,1.342981,"hot_accelerating",7
2026-07-20,"team","LFL","Galions","aggression_ahead_league",103.244609,102.639643,101.827925,100.797147,0.797147,0.158802,0.823697,"hot_accelerating",35
2026-07-20,"team","LFL","Galions","aggression_behind_league",98.413738,98.895693,100.66316,98.244177,-1.755823,-0.418327,1.56994,"cold_deteriorating",35
2026-07-20,"team","LFL","Galions","combined_kills_per_minute",1.273493,1.150156,1.081997,106.299296,6.299296,0.429947,20.22413,"hot_accelerating",35
2026-07-20,"team","LFL","Galions","deaths_per_minute",0.605536,0.523864,0.476552,109.927964,9.927964,0.405849,71.539472,"hot_accelerating",35
2026-07-20,"team","LFL","Galions","game_length_minutes",33.355556,32.546745,31.809341,102.318201,2.318201,0.593498,19.807653,"hot_accelerating",35
2026-07-20,"team","LFL","Galions","kills_per_minute",0.667957,0.626292,0.605446,103.443138,3.443138,0.448915,31.942214,"hot_accelerating",35
2026-07-20,"team","LFL","Galions","rating_attack_global",120.133232,119.077725,116.890917,101.87081,1.87081,0.188549,1.764554,"hot_accelerating",35
2026-07-20,"team","LFL","Galions","rating_attack_league",111.669016,111.607648,111.327269,100.251852,0.251852,0.090833,1.857867,"balanced",35
2026-07-20,"team","LFL","Galions","rating_defense_global",97.139093,98.583328,99.496798,99.08191,-0.91809,0.192877,3.209778,"cold_recovering",35
2026-07-20,"team","LFL","Galions","rating_defense_league",109.942518,110.102297,108.383697,101.585663,1.585663,0.448101,3.080614,"hot_accelerating",35
2026-07-20,"team","LFL","Galions","snowball_index_league",101.679764,101.918641,101.556415,100.356674,0.356674,0.118182,1.766155,"balanced",35
2026-01-26,"team","LFL","Galions Sharks","aggression_ahead_league",100,100,100,100,0,,0,"insufficient",2
2026-01-26,"team","LFL","Galions Sharks","aggression_behind_league",105.582356,102.232942,100.858824,101.362418,1.362418,,0,"insufficient",2
2026-01-26,"team","LFL","Galions Sharks","combined_kills_per_minute",0.913416,1.379671,1.570955,87.823708,-12.176292,,0,"insufficient",2
2026-01-26,"team","LFL","Galions Sharks","deaths_per_minute",0.399619,0.737221,0.875724,84.184152,-15.815848,,0,"insufficient",2
2026-01-26,"team","LFL","Galions Sharks","game_length_minutes",35.033333,37.083333,37.924359,97.78236,-2.21764,,0,"insufficient",2
2026-01-26,"team","LFL","Galions Sharks","kills_per_minute",0.513796,0.64245,0.69523,92.408155,-7.591845,,0,"insufficient",2
2026-01-26,"team","LFL","Galions Sharks","rating_attack_global",103.041464,99.928529,98.651428,101.294559,1.294559,,0,"insufficient",2
2026-01-26,"team","LFL","Galions Sharks","rating_attack_league",103.251845,101.300738,100.500284,100.796469,0.796469,,0,"insufficient",2
2026-01-26,"team","LFL","Galions Sharks","rating_defense_global",94.88322,99.228525,101.011215,98.235157,-1.764843,,0,"insufficient",2
2026-01-26,"team","LFL","Galions Sharks","rating_defense_league",94.288292,97.715317,99.121276,98.581577,-1.418423,,0,"insufficient",2
2026-01-26,"team","LFL","Galions Sharks","snowball_index_league",100,100,100,100,0,,0,"insufficient",2
2022-03-14,"team","LFL","GamersOrigin","aggression_ahead_league",99.517742,100.299088,100.562214,99.738344,-0.261656,-0.061643,0.811878,"balanced",10
2022-03-14,"team","LFL","GamersOrigin","aggression_behind_league",107.567871,106.092006,104.150296,101.864334,1.864334,0.580995,1.63527,"hot_accelerating",10
2022-03-14,"team","LFL","GamersOrigin","combined_kills_per_minute",0.983942,0.92513,0.903865,102.352607,2.352607,-0.337383,16.89272,"hot_cooling",10
2022-03-14,"team","LFL","GamersOrigin","deaths_per_minute",0.554818,0.530889,0.521148,101.869014,1.869014,0.633753,36.037626,"hot_accelerating",10
2022-03-14,"team","LFL","GamersOrigin","game_length_minutes",33.779167,32.501744,34.077506,95.375948,-4.624052,-1.8401,13.778868,"cold_deteriorating",10
2022-03-14,"team","LFL","GamersOrigin","kills_per_minute",0.429124,0.394241,0.382717,103.011119,3.011119,-1.659785,34.126015,"hot_cooling",10
2022-03-14,"team","LFL","GamersOrigin","rating_attack_global",100.953285,102.549841,101.768657,100.767608,0.767608,0.243658,2.608913,"hot_accelerating",10
2022-03-14,"team","LFL","GamersOrigin","rating_attack_league",99.523186,100.639598,100.798381,99.842475,-0.157525,0.015291,2.758189,"balanced",10
2022-03-14,"team","LFL","GamersOrigin","rating_defense_global",91.193821,91.976116,94.959879,96.85787,-3.14213,-0.934863,1.806377,"cold_deteriorating",10
2022-03-14,"team","LFL","GamersOrigin","rating_defense_league",90.502009,92.257515,94.539781,97.58592,-2.41408,-0.732552,3.266531,"cold_deteriorating",10
2022-03-14,"team","LFL","GamersOrigin","snowball_index_league",100.482468,100.113267,99.643665,100.471281,0.471281,0.241065,1.627743,"balanced",10
2025-08-25,"team","LFL","GameWard","aggression_ahead_league",98.143095,98.30924,98.429899,99.877415,-0.122585,0.054913,1.750051,"balanced",68
2025-08-25,"team","LFL","GameWard","aggression_behind_league",95.724495,96.424079,98.76036,97.634394,-2.365606,-0.105135,1.856005,"cold_deteriorating",68
2025-08-25,"team","LFL","GameWard","combined_kills_per_minute",0.961756,0.854208,0.831737,102.701689,2.701689,0.464882,24.36215,"hot_accelerating",68
2025-08-25,"team","LFL","GameWard","deaths_per_minute",0.669935,0.565771,0.517759,109.273087,9.273087,0.660982,25.591174,"hot_accelerating",68
2025-08-25,"team","LFL","GameWard","game_length_minutes",31.2375,31.549229,32.239956,97.857544,-2.142456,-0.176137,8.791443,"cold_deteriorating",68
2025-08-25,"team","LFL","GameWard","kills_per_minute",0.291821,0.288437,0.313978,91.865268,-8.134732,0.141507,35.121108,"cold_recovering",68
2025-08-25,"team","LFL","GameWard","rating_attack_global",81.033524,83.832261,89.736722,93.42024,-6.57976,-0.43136,3.463055,"cold_deteriorating",68
2025-08-25,"team","LFL","GameWard","rating_attack_league",81.971728,84.848572,89.239471,95.079644,-4.920356,-0.241537,3.762026,"cold_deteriorating",68
2025-08-25,"team","LFL","GameWard","rating_defense_global",95.915375,97.234087,96.171277,101.105122,1.105122,0.059248,2.239557,"hot_accelerating",68
2025-08-25,"team","LFL","GameWard","rating_defense_league",91.212705,92.847552,93.691675,99.099041,-0.900959,-0.142207,1.925139,"cold_deteriorating",68
2025-08-25,"team","LFL","GameWard","snowball_index_league",97.111257,96.756176,97.790163,98.942647,-1.057353,-0.123106,1.414556,"cold_deteriorating",68
2025-09-08,"team","LFL","Gentle Mates","aggression_ahead_league",93.243623,94.231574,95.769406,98.394234,-1.605766,-0.46187,0.869184,"cold_deteriorating",38
2025-09-08,"team","LFL","Gentle Mates","aggression_behind_league",95.349581,94.357075,93.618599,100.788813,0.788813,0.436231,1.156258,"hot_accelerating",38
2025-09-08,"team","LFL","Gentle Mates","combined_kills_per_minute",0.782884,0.766353,0.760917,100.714487,0.714487,0.648195,17.448512,"hot_accelerating",38
2025-09-08,"team","LFL","Gentle Mates","deaths_per_minute",0.361904,0.352348,0.373852,94.247945,-5.752055,-1.792279,25.314174,"cold_deteriorating",38
2025-09-08,"team","LFL","Gentle Mates","game_length_minutes",32.753704,35.46677,35.880301,98.847471,-1.152529,0.737531,11.128731,"cold_recovering",38
2025-09-08,"team","LFL","Gentle Mates","kills_per_minute",0.42098,0.414006,0.387065,106.960289,6.960289,3.005361,41.976226,"hot_accelerating",38
2025-09-08,"team","LFL","Gentle Mates","rating_attack_global",89.33691,88.610908,90.118131,98.327503,-1.672497,-0.286682,1.492125,"cold_deteriorating",38
2025-09-08,"team","LFL","Gentle Mates","rating_attack_league",92.661985,90.849472,91.25994,99.550221,-0.449779,-0.156418,1.974994,"balanced",38
2025-09-08,"team","LFL","Gentle Mates","rating_defense_global",112.500111,109.928902,108.370186,101.438325,1.438325,-0.120125,2.33117,"hot_cooling",38
2025-09-08,"team","LFL","Gentle Mates","rating_defense_league",108.500532,106.672573,106.386201,100.269182,0.269182,-0.31547,2.761599,"hot_cooling",38
2025-09-08,"team","LFL","Gentle Mates","snowball_index_league",101.495221,100.089648,99.661364,100.429739,0.429739,0.081477,1.818722,"balanced",38
2026-07-20,"team","LFL","Ici Japon Corp. Esport","aggression_ahead_league",101.214352,101.432982,100.925148,100.50318,0.50318,0.123216,1.371824,"hot_accelerating",28
2026-07-20,"team","LFL","Ici Japon Corp. Esport","aggression_behind_league",99.74704,99.588913,100.296593,99.294413,-0.705587,-0.069425,0.943412,"cold_deteriorating",28
2026-07-20,"team","LFL","Ici Japon Corp. Esport","combined_kills_per_minute",1.030238,1.003624,0.971623,103.293563,3.293563,0.83441,16.282588,"hot_accelerating",28
2026-07-20,"team","LFL","Ici Japon Corp. Esport","deaths_per_minute",0.626937,0.597747,0.53741,111.227376,11.227376,2.078071,33.512484,"hot_accelerating",28
2026-07-20,"team","LFL","Ici Japon Corp. Esport","game_length_minutes",28.794444,31.796797,32.033303,99.261688,-0.738312,0.200596,16.164669,"cold_recovering",28
2026-07-20,"team","LFL","Ici Japon Corp. Esport","kills_per_minute",0.4033,0.405877,0.434213,93.474156,-6.525844,-0.704826,34.986914,"cold_deteriorating",28
2026-07-20,"team","LFL","Ici Japon Corp. Esport","rating_attack_global",109.261752,108.703042,105.537387,102.999558,2.999558,0.452733,2.664542,"hot_accelerating",28
2026-07-20,"team","LFL","Ici Japon Corp. Esport","rating_attack_league",98.491969,99.150472,99.642166,99.50654,-0.49346,-0.007031,1.181636,"balanced",28
2026-07-20,"team","LFL","Ici Japon Corp. Esport","rating_defense_global",88.328196,89.660795,93.137384,96.267247,-3.732753,-0.556892,2.770131,"cold_deteriorating",28
2026-07-20,"team","LFL","Ici Japon Corp. Esport","rating_defense_league",97.154528,97.737316,98.041804,99.68943,-0.31057,-0.099173,1.715574,"balanced",28
2026-07-20,"team","LFL","Ici Japon Corp. Esport","snowball_index_league",97.338478,97.140462,98.312347,98.807998,-1.192002,-0.145019,1.63672,"cold_deteriorating",28
2024-09-02,"team","LFL","IziDream","aggression_ahead_league",99.840907,97.802948,98.084993,99.712448,-0.287552,-0.003098,1.931258,"balanced",21
2024-09-02,"team","LFL","IziDream","aggression_behind_league",99.854145,100.183431,100.946355,99.244229,-0.755771,-0.047439,2.042436,"cold_deteriorating",21
2024-09-02,"team","LFL","IziDream","combined_kills_per_minute",0.909065,0.864283,0.836731,103.292807,3.292807,0.092493,40.749781,"hot_accelerating",21
2024-09-02,"team","LFL","IziDream","deaths_per_minute",0.480601,0.47074,0.48961,96.145884,-3.854116,-0.198365,28.586911,"cold_deteriorating",21
2024-09-02,"team","LFL","IziDream","game_length_minutes",34.5125,32.64725,31.525862,103.557043,3.557043,0.166016,19.221936,"hot_accelerating",21
2024-09-02,"team","LFL","IziDream","kills_per_minute",0.428464,0.393543,0.347121,113.373472,13.373472,0.502744,125.026222,"hot_accelerating",21
2024-09-02,"team","LFL","IziDream","rating_attack_global",107.797646,97.147114,92.997568,104.461994,4.461994,0.155778,5.359129,"hot_accelerating",21
2024-09-02,"team","LFL","IziDream","rating_attack_league",99.309161,91.671778,90.26364,101.560028,1.560028,0.051446,5.349459,"hot_accelerating",21
2024-09-02,"team","LFL","IziDream","rating_defense_global",92.099675,91.768039,92.538685,99.167218,-0.832782,-0.018116,2.533064,"cold_deteriorating",21
2024-09-02,"team","LFL","IziDream","rating_defense_league",99.846486,94.763034,92.117773,102.871607,2.871607,0.118236,3.758481,"hot_accelerating",21
2024-09-02,"team","LFL","IziDream","snowball_index_league",99.927043,97.779999,96.316483,101.519486,1.519486,0.049248,0.887709,"hot_accelerating",21
2026-07-20,"team","LFL","Joblife","aggression_ahead_league",101.466353,101.569292,101.997895,99.579792,-0.420208,-0.07821,1.671347,"balanced",27
2026-07-20,"team","LFL","Joblife","aggression_behind_league",97.187325,96.677907,97.082362,99.583389,-0.416611,-0.109814,1.621881,"balanced",27
2026-07-20,"team","LFL","Joblife","combined_kills_per_minute",0.925897,0.944248,0.9436,100.068742,0.068742,-0.086336,18.843928,"balanced",27
2026-07-20,"team","LFL","Joblife","deaths_per_minute",0.42125,0.501298,0.512043,97.901643,-2.098357,0.225674,48.479086,"cold_recovering",27
2026-07-20,"team","LFL","Joblife","game_length_minutes",35.238889,33.717629,32.821499,102.730316,2.730316,-0.067715,16.938536,"hot_cooling",27
2026-07-20,"team","LFL","Joblife","kills_per_minute",0.504647,0.44295,0.431557,102.640007,2.640007,-0.456536,51.245588,"hot_cooling",27
2026-07-20,"team","LFL","Joblife","rating_attack_global",107.266268,104.504743,102.582745,101.873607,1.873607,-0.025172,2.870449,"hot_cooling",27
2026-07-20,"team","LFL","Joblife","rating_attack_league",95.576966,94.659936,96.500736,98.092449,-1.907551,-0.404549,3.089054,"cold_deteriorating",27
2026-07-20,"team","LFL","Joblife","rating_defense_global",88.21318,89.476101,93.215871,95.988054,-4.011946,-0.4041,1.338026,"cold_deteriorating",27
2026-07-20,"team","LFL","Joblife","rating_defense_league",97.759772,97.403961,98.04276,99.348448,-0.651552,-0.118112,2.429501,"cold_deteriorating",27
2026-07-20,"team","LFL","Joblife","snowball_index_league",97.378915,97.818574,97.836733,99.981439,-0.018561,-0.017653,0.983025,"balanced",27
2023-08-07,"team","LFL","Karmine Corp","aggression_ahead_league",107.236655,105.95726,104.496242,101.398153,1.398153,0.450257,1.214971,"hot_accelerating",41
2023-08-07,"team","LFL","Karmine Corp","aggression_behind_league",102.914835,100.846956,99.99104,100.855993,0.855993,0.121556,1.484474,"hot_accelerating",41
2023-08-07,"team","LFL","Karmine Corp","combined_kills_per_minute",1.131762,1.075774,0.968005,111.133069,11.133069,3.625144,34.125585,"hot_accelerating",41
2023-08-07,"team","LFL","Karmine Corp","deaths_per_minute",0.50213,0.416217,0.379006,109.818062,9.818062,2.122872,66.126537,"hot_accelerating",41
2023-08-07,"team","LFL","Karmine Corp","game_length_minutes",32.411111,31.495382,31.53995,99.858694,-0.141306,-0.453056,17.932833,"cold_deteriorating",41
2023-08-07,"team","LFL","Karmine Corp","kills_per_minute",0.629632,0.659557,0.588999,111.979242,11.979242,4.591816,26.369705,"hot_accelerating",41
2023-08-07,"team","LFL","Karmine Corp","rating_attack_global",121.541638,115.981705,108.976185,106.428487,6.428487,2.14285,2.161046,"hot_accelerating",41
2023-08-07,"team","LFL","Karmine Corp","rating_attack_league",124.173932,119.074936,111.915355,106.397318,6.397318,1.900745,1.963591,"hot_accelerating",41
2023-08-07,"team","LFL","Karmine Corp","rating_defense_global",105.979334,107.002732,105.099786,101.810609,1.810609,0.413758,1.653513,"hot_accelerating",41
2023-08-07,"team","LFL","Karmine Corp","rating_defense_league",109.445352,109.0871,105.359411,103.538069,3.538069,1.196935,1.476611,"hot_accelerating",41
2023-08-07,"team","LFL","Karmine Corp","snowball_index_league",104.485238,103.005811,101.890133,101.094981,1.094981,0.197645,1.625098,"hot_accelerating",41
2026-07-20,"team","LFL","Karmine Corp Blue","aggression_ahead_league",99.801972,99.908743,99.824881,100.084009,0.084009,0.092341,1.80392,"balanced",50
2026-07-20,"team","LFL","Karmine Corp Blue","aggression_behind_league",101.734615,102.666689,102.398436,100.26197,0.26197,0.084171,1.883934,"balanced",50
2026-07-20,"team","LFL","Karmine Corp Blue","combined_kills_per_minute",1.112906,1.043254,1.019939,102.285908,2.285908,0.043888,25.247963,"hot_accelerating",50
2026-07-20,"team","LFL","Karmine Corp Blue","deaths_per_minute",0.460861,0.47771,0.448817,106.43766,6.43766,0.751837,25.925574,"hot_accelerating",50
2026-07-20,"team","LFL","Karmine Corp Blue","game_length_minutes",32.833333,32.795044,32.949652,99.530775,-0.469225,-0.148432,7.131383,"balanced",50
2026-07-20,"team","LFL","Karmine Corp Blue","kills_per_minute",0.652045,0.565544,0.571123,99.023254,-0.976746,-0.512453,52.018585,"cold_deteriorating",50
2026-07-20,"team","LFL","Karmine Corp Blue","rating_attack_global",113.251683,113.348432,110.020184,103.025125,3.025125,0.638218,2.345144,"hot_accelerating",50
2026-07-20,"team","LFL","Karmine Corp Blue","rating_attack_league",102.611081,104.247219,104.762217,99.508412,-0.491588,0.178033,5.754441,"balanced",50
2026-07-20,"team","LFL","Karmine Corp Blue","rating_defense_global",90.509735,91.777441,96.148155,95.454188,-4.545812,-0.591759,6.443789,"cold_deteriorating",50
2026-07-20,"team","LFL","Karmine Corp Blue","rating_defense_league",100.402754,100.535209,101.753933,98.802283,-1.197717,-0.103149,2.853546,"cold_deteriorating",50
2026-07-20,"team","LFL","Karmine Corp Blue","snowball_index_league",101.709996,101.780379,102.197855,99.591502,-0.408498,0.030725,1.668962,"balanced",50
2026-01-26,"team","LFL","Karmine Corp Blue Stars","aggression_ahead_league",102.917055,101.166822,100.448778,100.714836,0.714836,,0,"insufficient",2
2026-01-26,"team","LFL","Karmine Corp Blue Stars","aggression_behind_league",100,100,100,100,0,,0,"insufficient",2
2026-01-26,"team","LFL","Karmine Corp Blue Stars","combined_kills_per_minute",0.903132,1.100356,1.181268,93.150382,-6.849618,,0,"insufficient",2
2026-01-26,"team","LFL","Karmine Corp Blue Stars","deaths_per_minute",0.413346,0.563317,0.624843,90.153282,-9.846718,,0,"insufficient",2
2026-01-26,"team","LFL","Karmine Corp Blue Stars","game_length_minutes",29.808333,43.583333,49.234615,88.52173,-11.47827,,0,"insufficient",2
2026-01-26,"team","LFL","Karmine Corp Blue Stars","kills_per_minute",0.489786,0.537039,0.556425,96.516009,-3.483991,,0,"insufficient",2
2026-01-26,"team","LFL","Karmine Corp Blue Stars","rating_attack_global",103.07438,99.729712,98.357541,101.395085,1.395085,,0,"insufficient",2
2026-01-26,"team","LFL","Karmine Corp Blue Stars","rating_attack_league",103.326746,101.330699,100.511807,100.814722,0.814722,,0,"insufficient",2
2026-01-26,"team","LFL","Karmine Corp Blue Stars","rating_defense_global",98.40387,100.847995,101.850713,99.015502,-0.984498,,0,"insufficient",2
2026-01-26,"team","LFL","Karmine Corp Blue Stars","rating_defense_league",98.456584,99.382634,99.762551,99.619178,-0.380822,,0,"insufficient",2
2026-01-26,"team","LFL","Karmine Corp Blue Stars","snowball_index_league",96.555414,98.622165,99.470064,99.147585,-0.852415,,0,"insufficient",2
2026-01-26,"team","LFL","Lausanne-Sport Esports","aggression_ahead_league",100,100,100,100,0,,0,"insufficient",2
2026-01-26,"team","LFL","Lausanne-Sport Esports","aggression_behind_league",100.830702,100.332281,100.1278,100.204219,0.204219,,0,"insufficient",2
2026-01-26,"team","LFL","Lausanne-Sport Esports","combined_kills_per_minute",1.050473,1.039486,1.034979,100.435518,0.435518,,0,"insufficient",2
2026-01-26,"team","LFL","Lausanne-Sport Esports","deaths_per_minute",0.628002,0.816646,0.894038,91.343497,-8.656503,,0,"insufficient",2
2026-01-26,"team","LFL","Lausanne-Sport Esports","game_length_minutes",34.358333,27.113333,24.141026,112.312268,12.312268,,0,"insufficient",2
2026-01-26,"team","LFL","Lausanne-Sport Esports","kills_per_minute",0.422472,0.222841,0.140941,158.109535,58.109535,,0,"insufficient",2
2026-01-26,"team","LFL","Lausanne-Sport Esports","rating_attack_global",96.473604,96.462202,96.457524,100.00485,0.00485,,0,"insufficient",2
2026-01-26,"team","LFL","Lausanne-Sport Esports","rating_attack_league",95.535328,98.214131,99.313127,98.893403,-1.106597,,0,"insufficient",2
2026-01-26,"team","LFL","Lausanne-Sport Esports","rating_defense_global",95.052475,100.163003,102.25963,97.949702,-2.050298,,0,"insufficient",2
2026-01-26,"team","LFL","Lausanne-Sport Esports","rating_defense_league",94.387784,97.755113,99.136582,98.6065,-1.3935,,0,"insufficient",2
2026-01-26,"team","LFL","Lausanne-Sport Esports","snowball_index_league",100,100,100,100,0,,0,"insufficient",2
2023-07-24,"team","LFL","LDLC OL","aggression_ahead_league",98.316137,97.475069,97.130771,100.354469,0.354469,0.08926,0.676266,"balanced",42
2023-07-24,"team","LFL","LDLC OL","aggression_behind_league",99.887362,99.920831,100.12088,99.800193,-0.199807,0.027596,0.877675,"balanced",42
2023-07-24,"team","LFL","LDLC OL","combined_kills_per_minute",0.922278,0.903852,0.840596,107.525229,7.525229,4.918487,27.072173,"hot_accelerating",42
2023-07-24,"team","LFL","LDLC OL","deaths_per_minute",0.619571,0.567725,0.470981,120.541009,20.541009,7.955073,18.41876,"hot_accelerating",42
2023-07-24,"team","LFL","LDLC OL","game_length_minutes",29.891667,33.194918,33.157214,100.113711,0.113711,0.539787,20.616573,"hot_accelerating",42
2023-07-24,"team","LFL","LDLC OL","kills_per_minute",0.302708,0.336128,0.369615,90.939916,-9.060084,1.049127,44.388152,"cold_recovering",42
2023-07-24,"team","LFL","LDLC OL","rating_attack_global",96.67666,97.041856,98.595672,98.424052,-1.575948,-0.007175,1.999061,"cold_deteriorating",42
2023-07-24,"team","LFL","LDLC OL","rating_attack_league",95.390476,97.105043,99.888496,97.21344,-2.78656,-0.640981,1.852564,"cold_deteriorating",42
2023-07-24,"team","LFL","LDLC OL","rating_defense_global",97.7437,101.199464,104.485299,96.855218,-3.144782,-1.201841,1.741163,"cold_deteriorating",42
2023-07-24,"team","LFL","LDLC OL","rating_defense_league",97.870228,100.784127,103.987976,96.919019,-3.080981,-0.848241,1.252224,"cold_deteriorating",42
2023-07-24,"team","LFL","LDLC OL","snowball_index_league",101.421661,101.728744,102.168332,99.569742,-0.430258,-0.15215,0.343669,"balanced",42
2026-02-16,"team","LFL","Lille Esport","aggression_ahead_league",101.539168,100.823025,100.901162,99.922561,-0.077439,-0.005398,1.27878,"balanced",6
2026-02-16,"team","LFL","Lille Esport","aggression_behind_league",103.976461,102.858246,103.953967,98.945955,-1.054045,-0.031001,3.362941,"cold_deteriorating",6
2026-02-16,"team","LFL","Lille Esport","combined_kills_per_minute",1.290091,1.153666,1.174257,98.246435,-1.753565,-0.124087,17.320553,"cold_deteriorating",6
2026-02-16,"team","LFL","Lille Esport","deaths_per_minute",0.833252,0.728996,0.744404,97.930187,-2.069813,-0.217658,45.232951,"cold_deteriorating",6
2026-02-16,"team","LFL","Lille Esport","game_length_minutes",25.55,30.01211,31.730911,94.583197,-5.416803,0.02641,11.950895,"cold_recovering",6
2026-02-16,"team","LFL","Lille Esport","kills_per_minute",0.456839,0.42467,0.429853,98.794103,-1.205897,0.037955,52.014355,"cold_recovering",6
2026-02-16,"team","LFL","Lille Esport","rating_attack_global",100.963405,102.255391,102.494397,99.766811,-0.233189,-0.009116,3.884364,"balanced",6
2026-02-16,"team","LFL","Lille Esport","rating_attack_league",96.176479,98.915823,100.027585,98.888545,-1.111455,-0.002663,2.784225,"cold_deteriorating",6
2026-02-16,"team","LFL","Lille Esport","rating_defense_global",86.725551,91.841245,92.136589,99.679451,-0.320549,0.049756,7.903784,"balanced",6
2026-02-16,"team","LFL","Lille Esport","rating_defense_league",88.983035,93.911949,93.41485,100.532141,0.532141,0.050677,6.982874,"hot_accelerating",6
2026-02-16,"team","LFL","Lille Esport","snowball_index_league",98.485295,98.349212,98.868916,99.47435,-0.52565,-0.009345,1.891622,"cold_deteriorating",6
2022-09-19,"team","LFL","Mirage Elyandra","aggression_ahead_league",93.902665,94.372539,95.257212,99.071279,-0.928721,-0.086354,1.659399,"cold_deteriorating",20
2022-09-19,"team","LFL","Mirage Elyandra","aggression_behind_league",97.678649,97.522749,97.140614,100.393383,0.393383,0.126456,0.985671,"balanced",20
2022-09-19,"team","LFL","Mirage Elyandra","combined_kills_per_minute",0.562887,0.633415,0.67914,93.267175,-6.732825,-0.588221,37.845641,"cold_deteriorating",20
2022-09-19,"team","LFL","Mirage Elyandra","deaths_per_minute",0.212594,0.289323,0.367215,78.78838,-21.21162,-3.513845,38.841265,"cold_deteriorating",20
2022-09-19,"team","LFL","Mirage Elyandra","game_length_minutes",29.308333,33.819748,34.604207,97.733052,-2.266948,0.322724,18.02135,"cold_recovering",20
2022-09-19,"team","LFL","Mirage Elyandra","kills_per_minute",0.350293,0.344092,0.311925,110.312391,10.312391,2.85598,84.252858,"hot_accelerating",20
2022-09-19,"team","LFL","Mirage Elyandra","rating_attack_global",95.592006,93.063169,91.730083,101.453271,1.453271,0.40958,2.925979,"hot_accelerating",20
2022-09-19,"team","LFL","Mirage Elyandra","rating_attack_league",90.689413,88.142257,88.535837,99.555457,-0.444543,-0.026278,3.289833,"balanced",20
2022-09-19,"team","LFL","Mirage Elyandra","rating_defense_global",98.856424,96.558982,98.094117,98.435039,-1.564961,-0.530098,3.203619,"cold_deteriorating",20
2022-09-19,"team","LFL","Mirage Elyandra","rating_defense_league",103.098575,99.8295,99.389367,100.442837,0.442837,-0.084822,2.818575,"balanced",20
2022-09-19,"team","LFL","Mirage Elyandra","snowball_index_league",99.575967,99.483408,99.219296,100.26619,0.26619,0.02709,0.513425,"balanced",20
2022-08-01,"team","LFL","Misfits Premier","aggression_ahead_league",103.866902,103.039389,102.421466,100.603315,0.603315,0.210942,1.542194,"hot_accelerating",20
2022-08-01,"team","LFL","Misfits Premier","aggression_behind_league",97.404279,97.827599,98.383423,99.435043,-0.564957,-0.061725,0.943882,"cold_deteriorating",20
2022-08-01,"team","LFL","Misfits Premier","combined_kills_per_minute",1.11408,0.955152,0.866986,110.169251,10.169251,3.431182,23.491303,"hot_accelerating",20
2022-08-01,"team","LFL","Misfits Premier","deaths_per_minute",0.872527,0.593931,0.480694,123.55708,23.55708,3.184116,47.283388,"hot_accelerating",20
2022-08-01,"team","LFL","Misfits Premier","game_length_minutes",28.022222,32.347998,32.952827,98.164562,-1.835438,0.956106,18.540262,"cold_recovering",20
2022-08-01,"team","LFL","Misfits Premier","kills_per_minute",0.241553,0.361221,0.386292,93.509732,-6.490268,3.738627,77.91688,"cold_recovering",20
2022-08-01,"team","LFL","Misfits Premier","rating_attack_global",104.432508,102.828821,101.129943,101.679896,1.679896,1.249367,2.899925,"hot_accelerating",20
2022-08-01,"team","LFL","Misfits Premier","rating_attack_league",101.569262,100.546344,100.014295,100.531973,0.531973,0.573491,2.430905,"hot_accelerating",20
2022-08-01,"team","LFL","Misfits Premier","rating_defense_global",96.696904,97.142659,98.111743,99.012265,-0.987735,-0.547999,1.311652,"cold_deteriorating",20
2022-08-01,"team","LFL","Misfits Premier","rating_defense_league",99.724661,99.323879,98.858628,100.470622,0.470622,0.361204,1.052787,"hot_accelerating",20
2022-08-01,"team","LFL","Misfits Premier","snowball_index_league",101.405507,100.805718,99.880229,100.926599,0.926599,0.324372,0.579354,"hot_accelerating",20
2026-01-26,"team","LFL","Project Conquerors","aggression_ahead_league",99.196153,99.678461,99.876331,99.801885,-0.198115,-0.009386,0.570702,"balanced",3
2026-01-26,"team","LFL","Project Conquerors","aggression_behind_league",100.920281,100.771615,100.360444,100.409694,0.409694,0.039021,1.710132,"balanced",3
2026-01-26,"team","LFL","Project Conquerors","combined_kills_per_minute",0.787265,0.952666,1.100773,86.545173,-13.454827,-1.047193,23.028127,"cold_deteriorating",3
2026-01-26,"team","LFL","Project Conquerors","deaths_per_minute",0.510591,0.680649,0.789814,86.178437,-13.821563,-0.935174,2.973023,"cold_deteriorating",3
2026-01-26,"team","LFL","Project Conquerors","game_length_minutes",34.308333,30.155333,28.776693,104.790823,4.790823,0.163463,22.449029,"hot_accelerating",3
2026-01-26,"team","LFL","Project Conquerors","kills_per_minute",0.276673,0.272017,0.31096,87.476654,-12.523346,-1.331714,101.514895,"cold_deteriorating",3
2026-01-26,"team","LFL","Project Conquerors","rating_attack_global",96.191745,97.079635,96.994162,100.088122,0.088122,0.030236,3.571121,"balanced",3
2026-01-26,"team","LFL","Project Conquerors","rating_attack_league",95.064402,97.782088,99.108507,98.661649,-1.338351,-0.075399,2.135866,"cold_deteriorating",3
2026-01-26,"team","LFL","Project Conquerors","rating_defense_global",95.625463,98.780629,101.36758,97.44795,-2.55205,-0.192573,3.251638,"cold_deteriorating",3
2026-01-26,"team","LFL","Project Conquerors","rating_defense_league",95.02856,97.133322,98.758875,98.354018,-1.645982,-0.12135,1.665566,"cold_deteriorating",3
2026-01-26,"team","LFL","Project Conquerors","snowball_index_league",100.463218,100.185287,100.071264,100.113942,0.113942,0.005398,0.326788,"balanced",3
2026-07-20,"team","LFL","Skillcamp","aggression_ahead_league",98.884689,98.494151,98.603441,99.889162,-0.110838,5.4e-05,1.107533,"balanced",11
2026-07-20,"team","LFL","Skillcamp","aggression_behind_league",98.188984,97.826973,98.125182,99.696094,-0.303906,-0.019944,1.820555,"balanced",11
2026-07-20,"team","LFL","Skillcamp","combined_kills_per_minute",1.009471,0.96501,0.910201,106.021651,6.021651,0.961154,36.857331,"hot_accelerating",11
2026-07-20,"team","LFL","Skillcamp","deaths_per_minute",0.4561,0.51368,0.440322,116.659972,16.659972,2.96472,41.045238,"hot_accelerating",11
2026-07-20,"team","LFL","Skillcamp","game_length_minutes",31.794444,32.714677,31.801348,102.871982,2.871982,-0.334809,17.309659,"hot_cooling",11
2026-07-20,"team","LFL","Skillcamp","kills_per_minute",0.55337,0.451331,0.469879,96.052516,-3.947484,-0.916382,53.690888,"cold_deteriorating",11
2026-07-20,"team","LFL","Skillcamp","rating_attack_global",104.861837,102.715224,103.114826,99.612468,-0.387532,-0.218932,3.603405,"balanced",11
2026-07-20,"team","LFL","Skillcamp","rating_attack_league",92.942304,92.8544,96.814407,95.909692,-4.090308,-0.59276,3.574016,"cold_deteriorating",11
2026-07-20,"team","LFL","Skillcamp","rating_defense_global",87.901528,90.391515,96.123775,94.036585,-5.963415,-0.776282,4.30458,"cold_deteriorating",11
2026-07-20,"team","LFL","Skillcamp","rating_defense_league",97.487903,98.568498,102.141539,96.501873,-3.498127,-0.583885,4.862539,"cold_deteriorating",11
2026-07-20,"team","LFL","Skillcamp","snowball_index_league",99.567676,99.04308,99.60632,99.434534,-0.565466,-0.144436,1.481367,"cold_deteriorating",11
2026-07-20,"team","LFL","Solary","aggression_ahead_league",99.352469,99.30459,100.016396,99.288311,-0.711689,-0.155497,1.414675,"cold_deteriorating",90
2026-07-20,"team","LFL","Solary","aggression_behind_league",101.708767,100.95485,100.376172,100.576509,0.576509,0.033437,0.572695,"hot_accelerating",90
2026-07-20,"team","LFL","Solary","combined_kills_per_minute",0.985192,1.043102,1.015969,102.670649,2.670649,0.550151,25.461232,"hot_accelerating",90
2026-07-20,"team","LFL","Solary","deaths_per_minute",0.349029,0.418309,0.393122,106.407074,6.407074,1.793278,57.280291,"hot_accelerating",90
2026-07-20,"team","LFL","Solary","game_length_minutes",34.05,34.100885,32.626854,104.517846,4.517846,1.356487,17.757313,"hot_accelerating",90
2026-07-20,"team","LFL","Solary","kills_per_minute",0.636163,0.624793,0.622848,100.312338,0.312338,-0.234471,33.164572,"balanced",90
2026-07-20,"team","LFL","Solary","rating_attack_global",119.751031,119.22087,116.700041,102.160093,2.160093,0.075204,1.252911,"hot_accelerating",90
2026-07-20,"team","LFL","Solary","rating_attack_league",110.314204,111.368646,110.768839,100.541494,0.541494,-0.046873,1.457417,"hot_cooling",90
2026-07-20,"team","LFL","Solary","rating_defense_global",96.590548,100.032596,101.470198,98.583227,-1.416773,-0.057944,2.379377,"cold_deteriorating",90
2026-07-20,"team","LFL","Solary","rating_defense_league",109.664194,112.200942,111.198205,100.901756,0.901756,0.159133,2.205713,"hot_accelerating",90
2026-07-20,"team","LFL","Solary","snowball_index_league",104.731976,105.142465,103.843856,101.25054,1.25054,0.135101,0.733176,"hot_accelerating",90
2025-09-15,"team","LFL","Team BDS Academy","aggression_ahead_league",105.140925,104.457261,103.781668,100.650976,0.650976,0.065941,1.140249,"hot_accelerating",77
2025-09-15,"team","LFL","Team BDS Academy","aggression_behind_league",113.352931,111.061254,107.968594,102.864407,2.864407,0.339223,1.331737,"hot_accelerating",77
2025-09-15,"team","LFL","Team BDS Academy","combined_kills_per_minute",1.172263,1.046534,1.035925,101.024155,1.024155,-0.106423,29.301009,"hot_cooling",77
2025-09-15,"team","LFL","Team BDS Academy","deaths_per_minute",0.576537,0.578266,0.581294,99.479052,-0.520948,-0.979208,64.399797,"cold_deteriorating",77
2025-09-15,"team","LFL","Team BDS Academy","game_length_minutes",31.605556,33.38165,33.012171,101.119221,1.119221,-0.090919,21.894593,"hot_cooling",77
2025-09-15,"team","LFL","Team BDS Academy","kills_per_minute",0.595727,0.468269,0.454631,102.999733,2.999733,1.009524,43.842205,"hot_accelerating",77
2025-09-15,"team","LFL","Team BDS Academy","rating_attack_global",101.210193,100.984995,102.400279,98.61789,-1.38211,0.399906,4.423462,"cold_recovering",77
2025-09-15,"team","LFL","Team BDS Academy","rating_attack_league",105.553708,105.159662,105.239142,99.924477,-0.075523,0.536024,4.527889,"cold_recovering",77
2025-09-15,"team","LFL","Team BDS Academy","rating_defense_global",87.639141,90.106298,93.001428,96.887005,-3.112995,-0.008892,3.757637,"cold_deteriorating",77
2025-09-15,"team","LFL","Team BDS Academy","rating_defense_league",82.327716,85.105864,89.733447,94.842967,-5.157033,-0.042176,3.753355,"cold_deteriorating",77
2025-09-15,"team","LFL","Team BDS Academy","snowball_index_league",97.974364,97.878735,98.916884,98.950483,-1.049517,0.041866,2.1018,"cold_recovering",77
2024-07-15,"team","LFL","Team du Sud","aggression_ahead_league",101.65328,101.185915,100.999339,100.184729,0.184729,0.074823,0.847604,"balanced",18
2024-07-15,"team","LFL","Team du Sud","aggression_behind_league",94.376096,95.437251,97.889774,97.494607,-2.505393,-0.937403,0.644242,"cold_deteriorating",18
2024-07-15,"team","LFL","Team du Sud","combined_kills_per_minute",1.148588,0.960141,0.890125,107.865893,7.865893,-0.827186,24.468039,"hot_cooling",18
2024-07-15,"team","LFL","Team du Sud","deaths_per_minute",0.800467,0.630715,0.548654,114.956731,14.956731,0.441555,35.703386,"hot_accelerating",18
2024-07-15,"team","LFL","Team du Sud","game_length_minutes",27.525,33.793977,34.805431,97.093976,-2.906024,0.869846,33.507229,"cold_recovering",18
2024-07-15,"team","LFL","Team du Sud","kills_per_minute",0.348121,0.329426,0.34147,96.472755,-3.527245,-2.865723,48.727659,"cold_deteriorating",18
2024-07-15,"team","LFL","Team du Sud","rating_attack_global",93.648091,94.729587,98.065283,96.598494,-3.401506,-0.962239,2.01727,"cold_deteriorating",18
2024-07-15,"team","LFL","Team du Sud","rating_attack_league",85.46042,87.029748,91.531192,95.082066,-4.917934,-1.448741,1.533168,"cold_deteriorating",18
2024-07-15,"team","LFL","Team du Sud","rating_defense_global",87.597613,88.385113,89.898831,98.316198,-1.683802,-0.317009,1.343053,"cold_deteriorating",18
2024-07-15,"team","LFL","Team du Sud","rating_defense_league",92.444634,92.898933,93.838399,98.998847,-1.001153,-0.022563,1.047428,"cold_deteriorating",18
2024-07-15,"team","LFL","Team du Sud","snowball_index_league",93.820751,95.072065,96.109275,98.920801,-1.079199,-0.282174,1.780177,"cold_deteriorating",18
2024-07-29,"team","LFL","Team GO","aggression_ahead_league",89.590722,91.791255,94.187753,97.455616,-2.544384,-0.599619,1.078823,"cold_deteriorating",51
2024-07-29,"team","LFL","Team GO","aggression_behind_league",97.683758,97.95765,97.475,100.495152,0.495152,0.285846,0.899126,"hot_accelerating",51
2024-07-29,"team","LFL","Team GO","combined_kills_per_minute",0.789886,0.77364,0.789596,97.979262,-2.020738,-0.262727,20.758065,"cold_deteriorating",51
2024-07-29,"team","LFL","Team GO","deaths_per_minute",0.475213,0.413896,0.413172,100.175171,0.175171,-0.374169,52.500521,"hot_cooling",51
2024-07-29,"team","LFL","Team GO","game_length_minutes",32.979167,33.208396,33.84925,98.10674,-1.89326,-0.293228,17.19686,"cold_deteriorating",51
2024-07-29,"team","LFL","Team GO","kills_per_minute",0.314673,0.359745,0.376424,95.568981,-4.431019,-0.140406,25.317212,"cold_deteriorating",51
2024-07-29,"team","LFL","Team GO","rating_attack_global",99.249192,100.110408,100.395593,99.715938,-0.284062,0.207949,1.795774,"balanced",51
2024-07-29,"team","LFL","Team GO","rating_attack_league",91.171651,91.86067,93.339489,98.415655,-1.584345,0.040341,1.669768,"cold_recovering",51
2024-07-29,"team","LFL","Team GO","rating_defense_global",100.654755,98.228922,98.274195,99.953932,-0.046068,0.158655,1.974874,"balanced",51
2024-07-29,"team","LFL","Team GO","rating_defense_league",109.534744,106.646261,105.426086,101.157374,1.157374,0.423841,1.661699,"hot_accelerating",51
2024-07-29,"team","LFL","Team GO","snowball_index_league",96.20508,97.45759,98.196517,99.247501,-0.752499,-0.022177,1.252694,"cold_deteriorating",51
2022-09-19,"team","LFL","Team MCES","aggression_ahead_league",95.500446,97.178237,97.866562,99.29667,-0.70333,,0,"insufficient",2
2022-09-19,"team","LFL","Team MCES","aggression_behind_league",99.624581,99.990427,100.140518,99.85012,-0.14988,,0,"insufficient",2
2022-09-19,"team","LFL","Team MCES","combined_kills_per_minute",0.955638,0.80512,0.743368,108.306932,8.306932,,0,"insufficient",2
2022-09-19,"team","LFL","Team MCES","deaths_per_minute",0.58463,0.460191,0.409139,112.477894,12.477894,,0,"insufficient",2
2022-09-19,"team","LFL","Team MCES","game_length_minutes",32.733333,32.909583,32.981891,99.780765,-0.219235,,0,"insufficient",2
2022-09-19,"team","LFL","Team MCES","kills_per_minute",0.371008,0.344928,0.334229,103.201143,3.201143,,0,"insufficient",2
2022-09-19,"team","LFL","Team MCES","rating_attack_global",97.088351,100.239133,101.531762,98.726873,-1.273127,,0,"insufficient",2
2022-09-19,"team","LFL","Team MCES","rating_attack_league",94.175672,95.805553,96.474223,99.306893,-0.693107,,0,"insufficient",2
2022-09-19,"team","LFL","Team MCES","rating_defense_global",99.547957,96.525139,95.285009,101.301496,1.301496,,0,"insufficient",2
2022-09-19,"team","LFL","Team MCES","rating_defense_league",102.107229,100.480921,99.813718,100.668449,0.668449,,0,"insufficient",2
2022-09-19,"team","LFL","Team MCES","snowball_index_league",100.709344,100.38268,100.248665,100.133683,0.133683,,0,"insufficient",2
2022-09-19,"team","LFL","Team Oplon","aggression_ahead_league",99.823653,100.38862,100.94467,99.449154,-0.550846,-0.095852,0.523814,"cold_deteriorating",20
2022-09-19,"team","LFL","Team Oplon","aggression_behind_league",94.376618,96.336375,98.157424,98.144767,-1.855233,-0.325624,1.723894,"cold_deteriorating",20
2022-09-19,"team","LFL","Team Oplon","combined_kills_per_minute",0.759262,0.771719,0.787659,97.976269,-2.023731,0.101366,34.253953,"cold_recovering",20
2022-09-19,"team","LFL","Team Oplon","deaths_per_minute",0.36065,0.378316,0.436492,86.671924,-13.328076,-1.96386,58.628894,"cold_deteriorating",20
2022-09-19,"team","LFL","Team Oplon","game_length_minutes",31.020833,32.721085,33.315825,98.214843,-1.785157,-0.367701,9.323296,"cold_deteriorating",20
2022-09-19,"team","LFL","Team Oplon","kills_per_minute",0.398612,0.393403,0.351167,112.027297,12.027297,2.668394,76.795209,"hot_accelerating",20
2022-09-19,"team","LFL","Team Oplon","rating_attack_global",93.81945,92.779456,91.477041,101.423761,1.423761,0.348436,2.043866,"hot_accelerating",20
2022-09-19,"team","LFL","Team Oplon","rating_attack_league",89.275287,87.880379,88.110269,99.739088,-0.260912,-0.107013,2.226435,"balanced",20
2022-09-19,"team","LFL","Team Oplon","rating_defense_global",95.499355,91.535453,90.993933,100.595117,0.595117,-0.071346,3.12864,"hot_cooling",20
2022-09-19,"team","LFL","Team Oplon","rating_defense_league",97.988997,93.338229,90.400418,103.249775,3.249775,0.502982,2.396467,"hot_accelerating",20
2022-09-19,"team","LFL","Team Oplon","snowball_index_league",96.696723,95.956121,95.12968,100.868753,0.868753,0.08436,0.988141,"hot_accelerating",20
2026-07-20,"team","LFL","TLN Pirates","aggression_ahead_league",94.730522,94.269111,95.046297,99.182308,-0.817692,-0.020415,0.89038,"cold_deteriorating",15
2026-07-20,"team","LFL","TLN Pirates","aggression_behind_league",96.690798,95.962632,96.909696,99.022735,-0.977265,-0.166025,1.942094,"cold_deteriorating",15
2026-07-20,"team","LFL","TLN Pirates","combined_kills_per_minute",0.914652,0.897006,0.841137,106.642041,6.642041,0.464748,23.000464,"hot_accelerating",15
2026-07-20,"team","LFL","TLN Pirates","deaths_per_minute",0.3816,0.42759,0.383931,111.371616,11.371616,0.845785,56.056042,"hot_accelerating",15
2026-07-20,"team","LFL","TLN Pirates","game_length_minutes",30.822222,30.614787,31.928176,95.886426,-4.113574,-0.561221,13.564839,"cold_deteriorating",15
2026-07-20,"team","LFL","TLN Pirates","kills_per_minute",0.533052,0.469415,0.457206,102.670458,2.670458,0.144778,34.136588,"hot_accelerating",15
2026-07-20,"team","LFL","TLN Pirates","rating_attack_global",104.47896,103.969202,101.648838,102.282725,2.282725,0.49642,1.283847,"hot_accelerating",15
2026-07-20,"team","LFL","TLN Pirates","rating_attack_league",92.674312,93.528865,93.562745,99.963789,-0.036211,0.308491,1.864856,"cold_recovering",15
2026-07-20,"team","LFL","TLN Pirates","rating_defense_global",93.647722,96.956011,97.21596,99.732607,-0.267393,0.222839,3.772507,"balanced",15
2026-07-20,"team","LFL","TLN Pirates","rating_defense_league",104.867641,107.832644,105.436401,102.27269,2.27269,0.531373,3.757159,"hot_accelerating",15
2026-07-20,"team","LFL","TLN Pirates","snowball_index_league",100.761276,102.280777,101.85183,100.421148,0.421148,0.105158,1.373056,"balanced",15
2026-01-26,"team","LFL","Vitality Rising Bees","aggression_ahead_league",100,100,100,100,0,,0,"insufficient",2
2026-01-26,"team","LFL","Vitality Rising Bees","aggression_behind_league",102.984537,101.193815,100.45916,100.731298,0.731298,,0,"insufficient",2
2026-01-26,"team","LFL","Vitality Rising Bees","combined_kills_per_minute",0.909091,1.157754,1.25977,91.902041,-8.097959,,0,"insufficient",2
2026-01-26,"team","LFL","Vitality Rising Bees","deaths_per_minute",0.822511,0.911357,0.947807,96.154299,-3.845701,,0,"insufficient",2
2026-01-26,"team","LFL","Vitality Rising Bees","game_length_minutes",23.1,22.84,22.733333,100.469208,0.469208,,0,"insufficient",2
2026-01-26,"team","LFL","Vitality Rising Bees","kills_per_minute",0.08658,0.246397,0.311963,78.982795,-21.017205,,0,"insufficient",2
2026-01-26,"team","LFL","Vitality Rising Bees","rating_attack_global",98.900844,97.697401,97.203681,100.507923,0.507923,,0,"insufficient",2
2026-01-26,"team","LFL","Vitality Rising Bees","rating_attack_league",98.806795,99.522718,99.81643,99.705748,-0.294252,,0,"insufficient",2
2026-01-26,"team","LFL","Vitality Rising Bees","rating_defense_global",95.229014,99.956213,101.895577,98.096715,-1.903285,,0,"insufficient",2
2026-01-26,"team","LFL","Vitality Rising Bees","rating_defense_league",94.159306,97.663722,99.101432,98.549255,-1.450745,,0,"insufficient",2
2026-01-26,"team","LFL","Vitality Rising Bees","snowball_index_league",100,100,100,100,0,,0,"insufficient",2
2026-07-20,"team","LFL","Vitality.Bee","aggression_ahead_league",99.058743,99.391986,98.719165,100.681552,0.681552,0.089731,1.527225,"hot_accelerating",95
2026-07-20,"team","LFL","Vitality.Bee","aggression_behind_league",99.999087,99.621059,99.714982,99.905809,-0.094191,-0.034217,0.47822,"balanced",95
2026-07-20,"team","LFL","Vitality.Bee","combined_kills_per_minute",1.14183,1.030774,0.990776,104.037026,4.037026,0.166908,20.55102,"hot_accelerating",95
2026-07-20,"team","LFL","Vitality.Bee","deaths_per_minute",0.400805,0.461896,0.488626,94.529538,-5.470462,-0.50736,49.454473,"cold_deteriorating",95
2026-07-20,"team","LFL","Vitality.Bee","game_length_minutes",29.95,33.048857,34.141561,96.79949,-3.20051,-0.417538,15.341621,"cold_deteriorating",95
2026-07-20,"team","LFL","Vitality.Bee","kills_per_minute",0.741025,0.568878,0.50215,113.288462,13.288462,0.823016,53.036433,"hot_accelerating",95
2026-07-20,"team","LFL","Vitality.Bee","rating_attack_global",110.520276,107.832112,104.491969,103.196555,3.196555,0.451096,3.177703,"hot_accelerating",95
2026-07-20,"team","LFL","Vitality.Bee","rating_attack_league",99.529557,98.084158,97.325021,100.780001,0.780001,0.238737,2.540459,"hot_accelerating",95
2026-07-20,"team","LFL","Vitality.Bee","rating_defense_global",90.892036,90.927654,93.436856,97.314548,-2.685452,-0.121122,1.762409,"cold_deteriorating",95
2026-07-20,"team","LFL","Vitality.Bee","rating_defense_league",100.931051,99.530022,99.57329,99.956546,-0.043454,0.157599,2.342119,"balanced",95
2026-07-20,"team","LFL","Vitality.Bee","snowball_index_league",102.018697,101.536994,101.593629,99.944253,-0.055747,0.025436,0.347416,"balanced",95
2026-01-26,"team","LFL","Yumeea","aggression_ahead_league",100,100,100,100,0,,0,"insufficient",2
2026-01-26,"team","LFL","Yumeea","aggression_behind_league",101.641309,100.656524,100.252509,100.402997,0.402997,,0,"insufficient",2
2026-01-26,"team","LFL","Yumeea","combined_kills_per_minute",1.11444,1.12932,1.135425,99.462334,-0.537666,,0,"insufficient",2
2026-01-26,"team","LFL","Yumeea","deaths_per_minute",0.790893,0.873319,0.907135,96.272226,-3.727774,,0,"insufficient",2
2026-01-26,"team","LFL","Yumeea","game_length_minutes",27.816667,25.346667,24.333333,104.164384,4.164384,,0,"insufficient",2
2026-01-26,"team","LFL","Yumeea","kills_per_minute",0.323547,0.256001,0.22829,112.13858,12.13858,,0,"insufficient",2
2026-01-26,"team","LFL","Yumeea","rating_attack_global",97.513083,96.398167,95.940766,100.476754,0.476754,,0,"insufficient",2
2026-01-26,"team","LFL","Yumeea","rating_attack_league",97.146129,98.858452,99.560943,99.294411,-0.705589,,0,"insufficient",2
2026-01-26,"team","LFL","Yumeea","rating_defense_global",95.612212,100.98529,103.18963,97.863797,-2.136203,,0,"insufficient",2
2026-01-26,"team","LFL","Yumeea","rating_defense_league",94.645618,97.858247,99.176249,98.671051,-1.328949,,0,"insufficient",2
2026-01-26,"team","LFL","Yumeea","snowball_index_league",100,100,100,100,0,,0,"insufficient",2
2026-01-26,"team","LFL","Zephyr Esport","aggression_ahead_league",100,100,100,100,0,,0,"insufficient",2
2026-01-26,"team","LFL","Zephyr Esport","aggression_behind_league",97.652724,99.061089,99.638881,99.420115,-0.579885,,0,"insufficient",2
2026-01-26,"team","LFL","Zephyr Esport","combined_kills_per_minute",0.697337,0.628026,0.59959,104.742454,4.742454,,0,"insufficient",2
2026-01-26,"team","LFL","Zephyr Esport","deaths_per_minute",0.348668,0.357649,0.361334,98.980319,-1.019681,,0,"insufficient",2
2026-01-26,"team","LFL","Zephyr Esport","game_length_minutes",34.416667,38.516667,40.198718,95.815659,-4.184341,,0,"insufficient",2
2026-01-26,"team","LFL","Zephyr Esport","kills_per_minute",0.348668,0.270376,0.238257,113.481153,13.481153,,0,"insufficient",2
2026-01-26,"team","LFL","Zephyr Esport","rating_attack_global",97.945034,97.123008,96.785766,100.348441,0.348441,,0,"insufficient",2
2026-01-26,"team","LFL","Zephyr Esport","rating_attack_league",97.182205,98.872882,99.566493,99.303369,-0.696631,,0,"insufficient",2
2026-01-26,"team","LFL","Zephyr Esport","rating_defense_global",100.586634,102.375912,103.109975,99.288078,-0.711922,,0,"insufficient",2
2026-01-26,"team","LFL","Zephyr Esport","rating_defense_league",101.114031,100.445612,100.171389,100.273754,0.273754,,0,"insufficient",2
2026-01-26,"team","LFL","Zephyr Esport","snowball_index_league",100,100,100,100,0,,0,"insufficient",2
2026-07-20,"team","LFL","ZYB Esport","aggression_ahead_league",100.610983,102.607178,103.088825,99.532784,-0.467216,-0.090146,1.669396,"balanced",12
2026-07-20,"team","LFL","ZYB Esport","aggression_behind_league",106.802589,109.518714,107.629265,101.755515,1.755515,0.212774,2.349257,"hot_accelerating",12
2026-07-20,"team","LFL","ZYB Esport","combined_kills_per_minute",0.930105,1.019785,1.204818,84.642263,-15.357737,-0.892376,16.142191,"cold_deteriorating",12
2026-07-20,"team","LFL","ZYB Esport","deaths_per_minute",0.651075,0.669262,0.695558,96.219392,-3.780608,0.725234,29.986172,"cold_recovering",12
2026-07-20,"team","LFL","ZYB Esport","game_length_minutes",30.5,30.884177,31.836183,97.009674,-2.990326,-0.56587,19.660178,"cold_deteriorating",12
2026-07-20,"team","LFL","ZYB Esport","kills_per_minute",0.27903,0.350524,0.50926,68.829982,-31.170018,-3.101741,54.98646,"cold_deteriorating",12
2026-07-20,"team","LFL","ZYB Esport","rating_attack_global",109.836813,112.338328,110.524519,101.641092,1.641092,0.228998,3.019472,"hot_accelerating",12
2026-07-20,"team","LFL","ZYB Esport","rating_attack_league",98.592288,102.6888,104.195541,98.553929,-1.446071,-0.098843,3.260111,"cold_deteriorating",12
2026-07-20,"team","LFL","ZYB Esport","rating_defense_global",81.568948,80.691924,85.687732,94.169752,-5.830248,-0.523785,3.143634,"cold_deteriorating",12
2026-07-20,"team","LFL","ZYB Esport","rating_defense_league",88.508438,86.46168,89.492003,96.613861,-3.386139,-0.259257,4.259793,"cold_deteriorating",12
2026-07-20,"team","LFL","ZYB Esport","snowball_index_league",97.991427,99.591413,99.874683,99.716375,-0.283625,0.051001,1.7061,"balanced",12
2026-06-08,"team","LPL","Anyone's Legend","aggression_ahead_league",99.737579,99.692064,99.645775,100.046453,0.046453,0.023004,0.028305,"balanced",98
2026-06-08,"team","LPL","Anyone's Legend","aggression_behind_league",100.05293,100.047167,100.069681,99.977502,-0.022498,-0.014759,0.03128,"balanced",98
2026-06-08,"team","LPL","Anyone's Legend","combined_kills_per_minute",0.875625,0.888452,0.874008,101.652597,1.652597,1.477267,18.745074,"hot_accelerating",98
2026-06-08,"team","LPL","Anyone's Legend","deaths_per_minute",0.539629,0.447091,0.412593,108.361428,8.361428,0.660912,46.210719,"hot_accelerating",98
2026-06-08,"team","LPL","Anyone's Legend","game_length_minutes",34.583333,33.695757,32.918454,102.361298,2.361298,0.429382,8.808542,"hot_accelerating",98
2026-06-08,"team","LPL","Anyone's Legend","kills_per_minute",0.335996,0.44136,0.461415,95.653627,-4.346373,2.207243,77.420642,"cold_recovering",98
2026-06-08,"team","LPL","Anyone's Legend","rating_attack_global",106.132962,105.139562,106.506281,98.716771,-1.283229,-0.319339,2.017103,"cold_deteriorating",98
2026-06-08,"team","LPL","Anyone's Legend","rating_attack_league",108.998201,107.823794,107.993012,99.843307,-0.156693,0.037004,2.079092,"balanced",98
2026-06-08,"team","LPL","Anyone's Legend","rating_defense_global",111.371967,111.466785,109.860673,101.461953,1.461953,0.625124,1.895766,"hot_accelerating",98
2026-06-08,"team","LPL","Anyone's Legend","rating_defense_league",110.499433,110.650393,110.310137,100.308454,0.308454,0.25761,1.978959,"hot_accelerating",98
2026-06-08,"team","LPL","Anyone's Legend","snowball_index_league",99.791458,99.759092,99.654595,100.104859,0.104859,0.02587,0.010588,"balanced",98
2026-06-08,"team","LPL","Bilibili Gaming","aggression_ahead_league",101.824579,101.937661,101.918433,100.018866,0.018866,-0.108485,0.122321,"balanced",109
2026-06-08,"team","LPL","Bilibili Gaming","aggression_behind_league",100.956877,101.05917,101.564387,99.502565,-0.497435,-0.132617,0.070522,"balanced",109
2026-06-08,"team","LPL","Bilibili Gaming","combined_kills_per_minute",0.990008,0.972373,0.978661,99.357553,-0.642447,-0.118145,20.88462,"cold_deteriorating",109
2026-06-08,"team","LPL","Bilibili Gaming","deaths_per_minute",0.379061,0.381373,0.384674,99.141929,-0.858071,-0.713235,38.833341,"cold_deteriorating",109
2026-06-08,"team","LPL","Bilibili Gaming","game_length_minutes",32.659091,33.791307,33.488773,100.90339,0.90339,1.03104,10.779143,"hot_accelerating",109
2026-06-08,"team","LPL","Bilibili Gaming","kills_per_minute",0.610947,0.591001,0.593987,99.497194,-0.502806,0.267242,25.912696,"cold_recovering",109
2026-06-08,"team","LPL","Bilibili Gaming","rating_attack_global",122.076858,122.027149,120.149749,101.56255,1.56255,0.253669,1.356071,"hot_accelerating",109
2026-06-08,"team","LPL","Bilibili Gaming","rating_attack_league",127.743409,127.499412,123.761451,103.020295,3.020295,0.681664,1.603929,"hot_accelerating",109
2026-06-08,"team","LPL","Bilibili Gaming","rating_defense_global",111.071197,110.318385,108.256952,101.904204,1.904204,0.344878,1.298633,"hot_accelerating",109
2026-06-08,"team","LPL","Bilibili Gaming","rating_defense_league",110.350258,109.415366,108.543747,100.803012,0.803012,-0.05417,1.413586,"hot_cooling",109
2026-06-08,"team","LPL","Bilibili Gaming","snowball_index_league",100.437343,100.445768,100.245852,100.199426,0.199426,0.014355,0.074029,"balanced",109
2026-06-01,"team","LPL","EDward Gaming","aggression_ahead_league",99.880281,99.844527,99.791972,100.052665,0.052665,0.023693,0.165809,"balanced",90
2026-06-01,"team","LPL","EDward Gaming","aggression_behind_league",100.781652,100.897395,101.136894,99.763193,-0.236807,-0.099681,0.286665,"balanced",90
2026-06-01,"team","LPL","EDward Gaming","combined_kills_per_minute",0.86696,0.83646,0.804283,104.000746,4.000746,-0.219992,20.833965,"hot_cooling",90
2026-06-01,"team","LPL","EDward Gaming","deaths_per_minute",0.604409,0.524017,0.438634,119.465502,19.465502,1.524531,52.693199,"hot_accelerating",90
2026-06-01,"team","LPL","EDward Gaming","game_length_minutes",31.433333,33.806755,34.541892,97.871752,-2.128248,-0.169239,8.946182,"cold_deteriorating",90
2026-06-01,"team","LPL","EDward Gaming","kills_per_minute",0.262552,0.312443,0.365648,85.449116,-14.550884,-2.312733,35.738685,"cold_deteriorating",90
2026-06-01,"team","LPL","EDward Gaming","rating_attack_global",92.442419,94.070367,98.44478,95.556481,-4.443519,-0.764952,1.793427,"cold_deteriorating",90
2026-06-01,"team","LPL","EDward Gaming","rating_attack_league",93.523025,95.346807,98.531437,96.767904,-3.232096,-0.639443,1.774651,"cold_deteriorating",90
2026-06-01,"team","LPL","EDward Gaming","rating_defense_global",108.397935,110.361086,108.878285,101.361888,1.361888,0.303222,3.332539,"hot_accelerating",90
2026-06-01,"team","LPL","EDward Gaming","rating_defense_league",107.035706,109.006194,109.035341,99.973268,-0.026732,0.14371,2.698798,"balanced",90
2026-06-01,"team","LPL","EDward Gaming","snowball_index_league",99.945899,99.940783,99.961276,99.979498,-0.020502,-0.006591,0.049533,"balanced",90
2025-08-25,"team","LPL","FunPlus Phoenix","aggression_ahead_league",100,100,100,100,0,0,0,"balanced",80
2025-08-25,"team","LPL","FunPlus Phoenix","aggression_behind_league",100,100,100,100,0,0,0,"balanced",80
2025-08-25,"team","LPL","FunPlus Phoenix","combined_kills_per_minute",1.117936,0.973965,0.936774,103.970134,3.970134,-0.686023,34.105379,"hot_cooling",80
2025-08-25,"team","LPL","FunPlus Phoenix","deaths_per_minute",0.625581,0.609414,0.571905,106.558616,6.558616,0.577437,46.805722,"hot_accelerating",80
2025-08-25,"team","LPL","FunPlus Phoenix","game_length_minutes",34.013333,32.257892,32.240308,100.054541,0.054541,0.024645,11.051898,"balanced",80
2025-08-25,"team","LPL","FunPlus Phoenix","kills_per_minute",0.492355,0.364551,0.364869,99.912884,-0.087116,-2.666401,39.600545,"cold_deteriorating",80
2025-08-25,"team","LPL","FunPlus Phoenix","rating_attack_global",89.628666,92.775599,97.623421,95.03416,-4.96584,-1.081176,1.225927,"cold_deteriorating",80
2025-08-25,"team","LPL","FunPlus Phoenix","rating_attack_league",84.698678,88.594105,93.78205,94.468083,-5.531917,-1.002323,1.291977,"cold_deteriorating",80
2025-08-25,"team","LPL","FunPlus Phoenix","rating_defense_global",84.416431,86.522039,87.464441,98.922531,-1.077469,0.103822,2.011019,"cold_recovering",80
2025-08-25,"team","LPL","FunPlus Phoenix","rating_defense_league",87.388698,89.033645,89.839525,99.102979,-0.897021,-0.035486,1.901835,"cold_deteriorating",80
2025-08-25,"team","LPL","FunPlus Phoenix","snowball_index_league",100,100,100,100,0,0,0,"balanced",80
2026-05-18,"team","LPL","Invictus Gaming","aggression_ahead_league",101.649433,101.936531,102.466518,99.48277,-0.51723,-0.262351,0.326525,"cold_deteriorating",97
2026-05-18,"team","LPL","Invictus Gaming","aggression_behind_league",100.152415,100.190176,100.250977,99.939351,-0.060649,-0.032408,0.033092,"balanced",97
2026-05-18,"team","LPL","Invictus Gaming","combined_kills_per_minute",0.951219,0.994158,0.963447,103.187679,3.187679,1.892065,16.112228,"hot_accelerating",97
2026-05-18,"team","LPL","Invictus Gaming","deaths_per_minute",0.662542,0.616327,0.546797,112.715956,12.715956,6.568074,51.499871,"hot_accelerating",97
2026-05-18,"team","LPL","Invictus Gaming","game_length_minutes",29.233333,30.151312,31.048613,97.110015,-2.889985,-0.441814,8.743591,"cold_deteriorating",97
2026-05-18,"team","LPL","Invictus Gaming","kills_per_minute",0.288677,0.377831,0.41665,90.683096,-9.316904,-4.244568,46.189358,"cold_deteriorating",97
2026-05-18,"team","LPL","Invictus Gaming","rating_attack_global",96.909196,97.020549,98.713567,98.284918,-1.715082,-0.114292,1.725819,"cold_deteriorating",97
2026-05-18,"team","LPL","Invictus Gaming","rating_attack_league",98.98338,98.289992,98.503359,99.78339,-0.21661,0.413676,1.929595,"cold_recovering",97
2026-05-18,"team","LPL","Invictus Gaming","rating_defense_global",91.088439,92.959888,94.020198,98.872253,-1.127747,-0.002775,2.172014,"cold_deteriorating",97
2026-05-18,"team","LPL","Invictus Gaming","rating_defense_league",87.749809,90.559246,93.291362,97.071416,-2.928584,-0.549608,2.48131,"cold_deteriorating",97
2026-05-18,"team","LPL","Invictus Gaming","snowball_index_league",100.38418,100.430187,100.565544,99.865404,-0.134596,-0.065703,0.097202,"balanced",97
2026-06-01,"team","LPL","JD Gaming","aggression_ahead_league",99.181764,99.080397,99.210007,99.869358,-0.130642,-0.016824,0.104613,"balanced",100
2026-06-01,"team","LPL","JD Gaming","aggression_behind_league",97.845364,97.587693,97.705538,99.879388,-0.120612,0.023382,0.180136,"balanced",100
2026-06-01,"team","LPL","JD Gaming","combined_kills_per_minute",0.806921,0.858507,0.858754,99.971194,-0.028806,0.52796,11.236268,"cold_recovering",100
2026-06-01,"team","LPL","JD Gaming","deaths_per_minute",0.449427,0.417095,0.403427,103.388196,3.388196,-0.273318,40.932472,"hot_cooling",100
2026-06-01,"team","LPL","JD Gaming","game_length_minutes",34.845833,32.984367,32.527459,101.404683,1.404683,0.12884,10.206678,"hot_accelerating",100
2026-06-01,"team","LPL","JD Gaming","kills_per_minute",0.357494,0.441412,0.455328,96.943686,-3.056314,1.237902,38.869114,"cold_recovering",100
2026-06-01,"team","LPL","JD Gaming","rating_attack_global",101.072814,99.971584,99.182036,100.796059,0.796059,0.470168,1.797576,"hot_accelerating",100
2026-06-01,"team","LPL","JD Gaming","rating_attack_league",103.582129,102.104087,99.632741,102.480456,2.480456,1.002613,1.793958,"hot_accelerating",100
2026-06-01,"team","LPL","JD Gaming","rating_defense_global",109.751354,110.248327,108.639196,101.48117,1.48117,0.432371,1.2923,"hot_accelerating",100
2026-06-01,"team","LPL","JD Gaming","rating_defense_league",108.449865,109.247307,109.064672,100.167456,0.167456,0.027649,1.226462,"balanced",100
2026-06-01,"team","LPL","JD Gaming","snowball_index_league",100.422068,100.472735,100.346258,100.12604,0.12604,0.012827,0.036488,"balanced",100
2026-06-01,"team","LPL","LGD Gaming","aggression_ahead_league",100.079988,100.072899,100.075652,99.997249,-0.002751,0.000981,0.108961,"balanced",82
2026-06-01,"team","LPL","LGD Gaming","aggression_behind_league",100.383119,100.43678,100.526087,99.91116,-0.08884,-0.042857,0.18528,"balanced",82
2026-06-01,"team","LPL","LGD Gaming","combined_kills_per_minute",0.857036,0.78626,0.774926,101.462584,1.462584,-0.22721,13.851521,"hot_cooling",82
2026-06-01,"team","LPL","LGD Gaming","deaths_per_minute",0.470956,0.458223,0.423514,108.195509,8.195509,0.508661,50.668816,"hot_accelerating",82
2026-06-01,"team","LPL","LGD Gaming","game_length_minutes",33.333333,32.396501,32.632207,99.27769,-0.72231,-0.15474,18.05284,"cold_deteriorating",82
2026-06-01,"team","LPL","LGD Gaming","kills_per_minute",0.38608,0.328038,0.351413,93.34824,-6.65176,-1.114063,39.743112,"cold_deteriorating",82
2026-06-01,"team","LPL","LGD Gaming","rating_attack_global",89.762934,91.817821,95.626926,96.016703,-3.983297,-0.456571,1.282824,"cold_deteriorating",82
2026-06-01,"team","LPL","LGD Gaming","rating_attack_league",90.652785,92.938227,95.503057,97.314401,-2.685599,-0.275497,1.36965,"cold_deteriorating",82
2026-06-01,"team","LPL","LGD Gaming","rating_defense_global",109.927702,110.872294,106.852833,103.76168,3.76168,0.486456,3.174826,"hot_accelerating",82
2026-06-01,"team","LPL","LGD Gaming","rating_defense_league",108.623178,109.49677,106.796921,102.528021,2.528021,0.320091,2.993732,"hot_accelerating",82
2026-06-01,"team","LPL","LGD Gaming","snowball_index_league",99.719054,99.66889,99.592015,100.07719,0.07719,0.037449,0.168559,"balanced",82
2026-05-18,"team","LPL","LNG Esports","aggression_ahead_league",99.664705,99.637058,99.557583,100.079829,0.079829,0.038929,0.254161,"balanced",86
2026-05-18,"team","LPL","LNG Esports","aggression_behind_league",99.370652,99.265754,99.127287,100.139686,0.139686,0.073156,0.325961,"balanced",86
2026-05-18,"team","LPL","LNG Esports","combined_kills_per_minute",0.703264,0.770769,0.805665,95.668643,-4.331357,-0.619856,41.480028,"cold_deteriorating",86
2026-05-18,"team","LPL","LNG Esports","deaths_per_minute",0.439112,0.361624,0.34985,103.365617,3.365617,-0.075658,65.788799,"hot_cooling",86
2026-05-18,"team","LPL","LNG Esports","game_length_minutes",32.943333,33.374899,32.952866,101.280716,1.280716,0.081638,11.983587,"hot_accelerating",86
2026-05-18,"team","LPL","LNG Esports","kills_per_minute",0.264152,0.409145,0.455816,89.761033,-10.238967,-1.037541,55.506013,"cold_deteriorating",86
2026-05-18,"team","LPL","LNG Esports","rating_attack_global",104.299218,103.937918,101.55847,102.342934,2.342934,0.167534,3.042291,"hot_accelerating",86
2026-05-18,"team","LPL","LNG Esports","rating_attack_league",106.884645,105.916104,102.065633,103.772545,3.772545,0.282738,2.612257,"hot_accelerating",86
2026-05-18,"team","LPL","LNG Esports","rating_defense_global",114.342629,113.000503,110.011462,102.717028,2.717028,0.117007,3.483849,"hot_accelerating",86
2026-05-18,"team","LPL","LNG Esports","rating_defense_league",112.969041,112.165165,110.416784,101.583438,1.583438,0.004478,3.029287,"hot_accelerating",86
2026-05-18,"team","LPL","LNG Esports","snowball_index_league",99.776642,99.726957,99.711782,100.015218,0.015218,0.008599,0.06842,"balanced",86
2026-05-18,"team","LPL","Ninjas in Pyjamas","aggression_ahead_league",100.259356,100.322003,100.394435,99.927853,-0.072147,-0.049041,0.047011,"balanced",73
2026-05-18,"team","LPL","Ninjas in Pyjamas","aggression_behind_league",99.535848,99.485062,99.392128,100.093503,0.093503,0.064721,0.15055,"balanced",73
2026-05-18,"team","LPL","Ninjas in Pyjamas","combined_kills_per_minute",0.739237,0.811425,0.861668,94.169144,-5.830856,-1.410228,17.180629,"cold_deteriorating",73
2026-05-18,"team","LPL","Ninjas in Pyjamas","deaths_per_minute",0.445311,0.422432,0.418419,100.959064,0.959064,3.12393,70.097928,"hot_accelerating",73
2026-05-18,"team","LPL","Ninjas in Pyjamas","game_length_minutes",37.676667,34.296221,33.280622,103.051623,3.051623,1.121513,14.670278,"hot_accelerating",73
2026-05-18,"team","LPL","Ninjas in Pyjamas","kills_per_minute",0.293927,0.388994,0.443249,87.759594,-12.240406,-5.690384,59.109182,"cold_deteriorating",73
2026-05-18,"team","LPL","Ninjas in Pyjamas","rating_attack_global",99.195669,99.880633,102.113233,97.813604,-2.186396,-0.761489,2.232147,"cold_deteriorating",73
2026-05-18,"team","LPL","Ninjas in Pyjamas","rating_attack_league",101.673383,101.500113,102.343852,99.175584,-0.824416,-0.360832,2.323769,"cold_deteriorating",73
2026-05-18,"team","LPL","Ninjas in Pyjamas","rating_defense_global",104.775433,103.836377,103.245166,100.572628,0.572628,-0.363409,2.971567,"hot_cooling",73
2026-05-18,"team","LPL","Ninjas in Pyjamas","rating_defense_league",102.517129,102.414751,103.366437,99.079309,-0.920691,-0.861408,3.168564,"cold_deteriorating",73
2026-05-18,"team","LPL","Ninjas in Pyjamas","snowball_index_league",99.578109,99.502848,99.421651,100.081669,0.081669,0.05839,0.108462,"balanced",73
2026-05-11,"team","LPL","Oh My God","aggression_ahead_league",100.336793,100.495581,100.469069,100.026388,0.026388,0.001392,0.293074,"balanced",73
2026-05-11,"team","LPL","Oh My God","aggression_behind_league",100.420118,100.602824,100.597926,100.004869,0.004869,-0.008459,0.246084,"balanced",73
2026-05-11,"team","LPL","Oh My God","combined_kills_per_minute",0.661936,0.665101,0.750406,88.632077,-11.367923,-1.604075,18.530174,"cold_deteriorating",73
2026-05-11,"team","LPL","Oh My God","deaths_per_minute",0.446956,0.434582,0.471026,92.262966,-7.737034,-1.65623,22.395998,"cold_deteriorating",73
2026-05-11,"team","LPL","Oh My God","game_length_minutes",34.196667,32.646298,32.101692,101.696504,1.696504,0.098403,15.449103,"hot_accelerating",73
2026-05-11,"team","LPL","Oh My God","kills_per_minute",0.21498,0.230519,0.279381,82.510536,-17.489464,-1.516143,47.30377,"cold_deteriorating",73
2026-05-11,"team","LPL","Oh My God","rating_attack_global",87.90414,91.9708,95.248373,96.55892,-3.44108,-0.432527,2.804165,"cold_deteriorating",73
2026-05-11,"team","LPL","Oh My God","rating_attack_league",88.766455,91.646811,94.281923,97.205073,-2.794927,-0.360843,1.896587,"cold_deteriorating",73
2026-05-11,"team","LPL","Oh My God","rating_defense_global",102.503117,100.819407,98.747605,102.098078,2.098078,0.182697,2.23256,"hot_accelerating",73
2026-05-11,"team","LPL","Oh My God","rating_defense_league",100.514069,100.10298,98.736538,101.383927,1.383927,0.117979,3.159224,"hot_accelerating",73
2026-05-11,"team","LPL","Oh My God","snowball_index_league",99.887421,99.86632,99.933423,99.932853,-0.067147,-0.01391,0.123557,"balanced",73
2024-07-29,"team","LPL","Rare Atom","aggression_ahead_league",100,100,100,100,0,0,0,"balanced",55
2024-07-29,"team","LPL","Rare Atom","aggression_behind_league",100,100,100,100,0,0,0,"balanced",55
2024-07-29,"team","LPL","Rare Atom","combined_kills_per_minute",0.931834,0.865759,0.844824,102.477972,2.477972,1.238018,13.3049,"hot_accelerating",55
2024-07-29,"team","LPL","Rare Atom","deaths_per_minute",0.606883,0.442192,0.431917,102.37881,2.37881,-0.088261,59.987417,"hot_cooling",55
2024-07-29,"team","LPL","Rare Atom","game_length_minutes",31.923333,32.666537,33.017413,98.937299,-1.062701,0.191421,16.061796,"cold_recovering",55
2024-07-29,"team","LPL","Rare Atom","kills_per_minute",0.32495,0.423567,0.412907,102.5817,2.5817,2.625361,33.60963,"hot_accelerating",55
2024-07-29,"team","LPL","Rare Atom","rating_attack_global",99.34428,96.450829,93.996616,102.610959,2.610959,0.933697,1.035165,"hot_accelerating",55
2024-07-29,"team","LPL","Rare Atom","rating_attack_league",100.146579,97.471937,95.514476,102.049386,2.049386,0.581955,1.34918,"hot_accelerating",55
2024-07-29,"team","LPL","Rare Atom","rating_defense_global",102.454084,100.24828,98.075047,102.215888,2.215888,0.6227,2.034257,"hot_accelerating",55
2024-07-29,"team","LPL","Rare Atom","rating_defense_league",101.758563,98.953225,95.810162,103.280511,3.280511,1.127615,2.491753,"hot_accelerating",55
2024-07-29,"team","LPL","Rare Atom","snowball_index_league",100,100,100,100,0,0,0,"balanced",55
2025-05-05,"team","LPL","Royal Never Give Up","aggression_ahead_league",100.000027,100.00008,100.013597,99.986485,-0.013515,-6.2e-05,0.00052,"balanced",68
2025-05-05,"team","LPL","Royal Never Give Up","aggression_behind_league",99.999998,100.000014,100.004868,99.995146,-0.004854,-1.8e-05,0.000147,"balanced",68
2025-05-05,"team","LPL","Royal Never Give Up","combined_kills_per_minute",0.924674,0.893387,0.850545,105.036989,5.036989,0.358104,21.386414,"hot_accelerating",68
2025-05-05,"team","LPL","Royal Never Give Up","deaths_per_minute",0.497804,0.524529,0.510266,102.795363,2.795363,0.914042,43.031023,"hot_accelerating",68
2025-05-05,"team","LPL","Royal Never Give Up","game_length_minutes",29.027778,30.970767,32.69552,94.724803,-5.275197,-0.218611,10.663253,"cold_deteriorating",68
2025-05-05,"team","LPL","Royal Never Give Up","kills_per_minute",0.426869,0.368857,0.340279,108.39842,8.39842,-0.475554,28.597675,"hot_cooling",68
2025-05-05,"team","LPL","Royal Never Give Up","rating_attack_global",91.772166,91.875369,91.644491,100.251928,0.251928,0.112328,5.248709,"balanced",68
2025-05-05,"team","LPL","Royal Never Give Up","rating_attack_league",87.447484,88.024044,89.583029,98.259731,-1.740269,-0.121447,5.019367,"cold_deteriorating",68
2025-05-05,"team","LPL","Royal Never Give Up","rating_defense_global",91.488599,92.546234,95.364686,97.044554,-2.955446,-0.369311,3.053873,"cold_deteriorating",68
2025-05-05,"team","LPL","Royal Never Give Up","rating_defense_league",95.189899,95.743742,96.709716,99.001161,-0.998839,-0.135384,3.44315,"cold_deteriorating",68
2025-05-05,"team","LPL","Royal Never Give Up","snowball_index_league",100.000056,100.000081,100.003108,99.996973,-0.003027,-4e-05,0.000431,"balanced",68
2026-06-08,"team","LPL","Team WE","aggression_ahead_league",100.345669,100.38372,100.50694,99.877402,-0.122598,-0.052039,0.034704,"balanced",92
2026-06-08,"team","LPL","Team WE","aggression_behind_league",100.826448,100.920925,101.194592,99.729563,-0.270437,-0.113067,0.063915,"balanced",92
2026-06-08,"team","LPL","Team WE","combined_kills_per_minute",0.914405,0.90863,0.915663,99.23197,-0.76803,0.349646,20.273373,"cold_recovering",92
2026-06-08,"team","LPL","Team WE","deaths_per_minute",0.53111,0.494927,0.525875,94.114889,-5.885111,-4.576595,41.139654,"cold_deteriorating",92
2026-06-08,"team","LPL","Team WE","game_length_minutes",32.296667,32.757069,32.749866,100.021995,0.021995,0.402365,14.128586,"hot_accelerating",92
2026-06-08,"team","LPL","Team WE","kills_per_minute",0.383295,0.413704,0.389788,106.13558,6.13558,6.995787,24.428223,"hot_accelerating",92
2026-06-08,"team","LPL","Team WE","rating_attack_global",89.969657,88.767652,90.560202,98.020599,-1.979401,-0.759965,2.438211,"cold_deteriorating",92
2026-06-08,"team","LPL","Team WE","rating_attack_league",90.585691,89.354738,90.390543,98.854079,-1.145921,-0.425545,2.13727,"cold_deteriorating",92
2026-06-08,"team","LPL","Team WE","rating_defense_global",87.530095,86.189668,84.825153,101.608621,1.608621,1.048241,1.357193,"hot_accelerating",92
2026-06-08,"team","LPL","Team WE","rating_defense_league",84.4678,83.000717,82.486962,100.622832,0.622832,0.746938,1.515422,"hot_accelerating",92
2026-06-08,"team","LPL","Team WE","snowball_index_league",99.796627,99.760612,99.682791,100.078068,0.078068,0.028907,0.00763,"balanced",92
2026-06-01,"team","LPL","ThunderTalk Gaming","aggression_ahead_league",100.297438,100.349214,100.413774,99.935706,-0.064294,-0.031117,0.146914,"balanced",85
2026-06-01,"team","LPL","ThunderTalk Gaming","aggression_behind_league",99.936541,99.911336,99.882206,100.029165,0.029165,0.01221,0.119467,"balanced",85
2026-06-01,"team","LPL","ThunderTalk Gaming","combined_kills_per_minute",0.845304,0.90055,0.897365,100.35501,0.35501,0.33388,14.995015,"hot_accelerating",85
2026-06-01,"team","LPL","ThunderTalk Gaming","deaths_per_minute",0.466981,0.468788,0.488084,96.046677,-3.953323,-1.890558,47.215929,"cold_deteriorating",85
2026-06-01,"team","LPL","ThunderTalk Gaming","game_length_minutes",31.52,31.212282,31.685234,98.507343,-1.492657,-0.471339,12.826767,"cold_deteriorating",85
2026-06-01,"team","LPL","ThunderTalk Gaming","kills_per_minute",0.378323,0.431762,0.409281,105.492867,5.492867,2.986611,38.535631,"hot_accelerating",85
2026-06-01,"team","LPL","ThunderTalk Gaming","rating_attack_global",98.6529,97.298188,95.3572,102.035492,2.035492,0.247073,2.96475,"hot_accelerating",85
2026-06-01,"team","LPL","ThunderTalk Gaming","rating_attack_league",100.2759,99.026247,95.528488,103.661483,3.661483,0.424432,2.994427,"hot_accelerating",85
2026-06-01,"team","LPL","ThunderTalk Gaming","rating_defense_global",97.647455,98.320426,95.177772,103.301878,3.301878,0.470995,3.959116,"hot_accelerating",85
2026-06-01,"team","LPL","ThunderTalk Gaming","rating_defense_league",95.727728,96.226903,94.219335,102.130739,2.130739,0.358183,4.014507,"hot_accelerating",85
2026-06-01,"team","LPL","ThunderTalk Gaming","snowball_index_league",100.179281,100.217479,100.271306,99.946319,-0.053681,-0.024357,0.122454,"balanced",85
2026-06-08,"team","LPL","Top Esports","aggression_ahead_league",100.292502,100.334852,100.598086,99.738331,-0.261669,-0.044472,0.025879,"balanced",107
2026-06-08,"team","LPL","Top Esports","aggression_behind_league",100.470711,100.543885,100.723543,99.821632,-0.178368,-0.066984,0.032832,"balanced",107
2026-06-08,"team","LPL","Top Esports","combined_kills_per_minute",1.220485,1.016691,0.987644,102.94102,2.94102,-0.617327,17.586835,"hot_cooling",107
2026-06-08,"team","LPL","Top Esports","deaths_per_minute",0.815325,0.547167,0.493938,110.77661,10.77661,1.053639,51.871156,"hot_accelerating",107
2026-06-08,"team","LPL","Top Esports","game_length_minutes",31.338889,30.988855,31.125487,99.561032,-0.438968,-0.495711,7.934774,"cold_deteriorating",107
2026-06-08,"team","LPL","Top Esports","kills_per_minute",0.40516,0.469523,0.493706,95.101756,-4.898244,-2.289076,24.94495,"cold_deteriorating",107
2026-06-08,"team","LPL","Top Esports","rating_attack_global",108.275259,107.711636,107.680216,100.029179,0.029179,-0.074448,1.146286,"balanced",107
2026-06-08,"team","LPL","Top Esports","rating_attack_league",111.156105,110.590701,109.344833,101.139393,1.139393,0.286623,1.329288,"hot_accelerating",107
2026-06-08,"team","LPL","Top Esports","rating_defense_global",97.761125,95.477824,92.922399,102.750063,2.750063,0.846435,1.209815,"hot_accelerating",107
2026-06-08,"team","LPL","Top Esports","rating_defense_league",95.870889,93.301564,91.504856,101.963511,1.963511,0.589331,1.568904,"hot_accelerating",107
2026-06-08,"team","LPL","Top Esports","snowball_index_league",99.840127,99.808116,99.724753,100.083593,0.083593,0.0221,0.00917,"balanced",107
2026-05-11,"team","LPL","Ultra Prime","aggression_ahead_league",100.340255,100.431039,100.471318,99.959909,-0.040091,-0.021828,0.191599,"balanced",80
2026-05-11,"team","LPL","Ultra Prime","aggression_behind_league",100.794566,100.991252,101.095771,99.896614,-0.103386,-0.057947,0.418459,"balanced",80
2026-05-11,"team","LPL","Ultra Prime","combined_kills_per_minute",0.731425,0.765002,0.801593,95.435124,-4.564876,-0.234947,18.813805,"cold_deteriorating",80
2026-05-11,"team","LPL","Ultra Prime","deaths_per_minute",0.173662,0.329755,0.413714,79.706091,-20.293909,-0.315254,75.368575,"cold_deteriorating",80
2026-05-11,"team","LPL","Ultra Prime","game_length_minutes",34.308333,34.203834,33.387075,102.446331,2.446331,0.392534,9.723989,"hot_accelerating",80
2026-05-11,"team","LPL","Ultra Prime","kills_per_minute",0.557764,0.435247,0.38788,112.21175,12.21175,-0.149292,68.631622,"hot_cooling",80
2026-05-11,"team","LPL","Ultra Prime","rating_attack_global",90.307706,92.06908,93.576576,98.389025,-1.610975,-0.275465,3.260878,"cold_deteriorating",80
2026-05-11,"team","LPL","Ultra Prime","rating_attack_league",92.100797,92.763965,92.687586,100.082405,0.082405,-0.107995,2.910961,"balanced",80
2026-05-11,"team","LPL","Ultra Prime","rating_defense_global",101.949825,100.742608,99.61141,101.135612,1.135612,0.050386,2.276706,"hot_accelerating",80
2026-05-11,"team","LPL","Ultra Prime","rating_defense_league",99.358748,99.352525,99.929746,99.422374,-0.577626,-0.113424,2.160141,"cold_deteriorating",80
2026-05-11,"team","LPL","Ultra Prime","snowball_index_league",99.930649,99.924666,99.940167,99.984489,-0.015511,-0.00134,0.061941,"balanced",80
2022-08-15,"team","LPL","Victory Five","aggression_ahead_league",100,100,100,100,0,0,0,"balanced",22
2022-08-15,"team","LPL","Victory Five","aggression_behind_league",100,100,100,100,0,0,0,"balanced",22
2022-08-15,"team","LPL","Victory Five","combined_kills_per_minute",0.740503,0.805391,0.865752,93.027982,-6.972018,-0.991452,18.945807,"cold_deteriorating",22
2022-08-15,"team","LPL","Victory Five","deaths_per_minute",0.442564,0.359903,0.363843,98.917015,-1.082985,0.622957,54.949667,"cold_recovering",22
2022-08-15,"team","LPL","Victory Five","game_length_minutes",32.976667,31.969759,31.65603,100.991058,0.991058,0.965586,19.889311,"hot_accelerating",22
2022-08-15,"team","LPL","Victory Five","kills_per_minute",0.297939,0.445488,0.501908,88.758905,-11.241095,-2.161769,35.539116,"cold_deteriorating",22
2022-08-15,"team","LPL","Victory Five","rating_attack_global",123.220282,124.341403,122.940985,101.139098,1.139098,0.471838,1.822856,"hot_accelerating",22
2022-08-15,"team","LPL","Victory Five","rating_attack_league",118.144003,118.344976,116.834112,101.293171,1.293171,0.447176,1.495066,"hot_accelerating",22
2022-08-15,"team","LPL","Victory Five","rating_defense_global",103.315198,101.775683,101.139024,100.62949,0.62949,0.254288,2.368616,"hot_accelerating",22
2022-08-15,"team","LPL","Victory Five","rating_defense_league",109.34906,108.544841,108.046509,100.46122,0.46122,0.276995,2.059603,"hot_accelerating",22
2022-08-15,"team","LPL","Victory Five","snowball_index_league",100,100,100,100,0,0,0,"balanced",22
2026-05-18,"team","LPL","Weibo Gaming","aggression_ahead_league",100.58142,100.705851,100.869491,99.83777,-0.16223,-0.102066,0.102465,"balanced",100
2026-05-18,"team","LPL","Weibo Gaming","aggression_behind_league",100.025365,100.054427,100.072202,99.982238,-0.017762,-0.016405,0.011215,"balanced",100
2026-05-18,"team","LPL","Weibo Gaming","combined_kills_per_minute",0.652905,0.698268,0.801841,87.083085,-12.916915,-3.441836,21.255811,"cold_deteriorating",100
2026-05-18,"team","LPL","Weibo Gaming","deaths_per_minute",0.382141,0.388991,0.430633,90.330029,-9.669971,-4.649761,28.928835,"cold_deteriorating",100
2026-05-18,"team","LPL","Weibo Gaming","game_length_minutes",31.273333,33.381419,33.310462,100.213016,0.213016,0.78466,11.909937,"hot_accelerating",100
2026-05-18,"team","LPL","Weibo Gaming","kills_per_minute",0.270764,0.309276,0.371207,83.316342,-16.683658,-2.040537,50.278033,"cold_deteriorating",100
2026-05-18,"team","LPL","Weibo Gaming","rating_attack_global",94.24817,96.365054,98.937739,97.399693,-2.600307,-1.070627,0.905701,"cold_deteriorating",100
2026-05-18,"team","LPL","Weibo Gaming","rating_attack_league",96.285054,97.67598,98.838069,98.824249,-1.175751,-0.681025,1.479983,"cold_deteriorating",100
2026-05-18,"team","LPL","Weibo Gaming","rating_defense_global",100.000494,98.644166,98.614181,100.030406,0.030406,-0.026487,1.977511,"balanced",100
2026-05-18,"team","LPL","Weibo Gaming","rating_defense_league",97.212975,96.694509,98.45505,98.211833,-1.788167,-0.570015,2.028473,"cold_deteriorating",100
2026-05-18,"team","LPL","Weibo Gaming","snowball_index_league",99.719262,99.669082,99.595569,100.073811,0.073811,0.042694,0.05565,"balanced",100
